Stary adres,Nowy adres,Przekierowanie 301,Strona już istnieje,Uwagi
https://rotenso.com/pl/ile-miejsca-zajmuje-pompa-ciepla/,https://rotenso.com/pl/ile-miejsca-zajmuje-pompa-ciepla,nie (ten sam adres),tak,poradnik — ten sam adres
https://rotenso.com/pl/jak-dziala-pompa-ciepla-powietrzna/,https://rotenso.com/pl/jak-dziala-pompa-ciepla-powietrzna,nie (ten sam adres),tak,poradnik — ten sam adres
https://rotenso.com/pl/portale-pisza-o-kampanii-reklamowej-360marki-rotenso/,https://rotenso.com/pl/portale-pisza-o-kampanii-reklamowej-360marki-rotenso,nie (ten sam adres),tak,poradnik — ten sam adres
https://rotenso.com/pl/portal-architektura-i-biznes-pisze-o-nowym-klimatyzatorze-rotenso-teta-mirror/,https://rotenso.com/pl/portal-architektura-i-biznes-pisze-o-nowym-klimatyzatorze-rotenso-teta-mirror,nie (ten sam adres),tak,poradnik — ten sam adres
https://rotenso.com/pl/rotenso-na-targach-enex/,https://rotenso.com/pl/rotenso-na-targach-enex,nie (ten sam adres),tak,poradnik — ten sam adres
https://rotenso.com/pl/jaka-powinna-byc-temperatura-na-wylocie-z-klimatyzacji-domowej/,https://rotenso.com/pl/jaka-powinna-byc-temperatura-na-wylocie-z-klimatyzacji-domowej,nie (ten sam adres),tak,poradnik — ten sam adres
https://rotenso.com/pl/jak-obnizyc-temperature-w-mieszkaniu-latem/,https://rotenso.com/pl/jak-obnizyc-temperature-w-mieszkaniu-latem,nie (ten sam adres),tak,poradnik — ten sam adres
https://rotenso.com/pl/gdzie-zamontowac-jednostke-zewnetrzna-klimatyzatora/,https://rotenso.com/pl/gdzie-zamontowac-jednostke-zewnetrzna-klimatyzatora,nie (ten sam adres),tak,poradnik — ten sam adres
https://rotenso.com/pl/rotenso-postaw-na-aktywna-marke/,https://rotenso.com/pl/rotenso-postaw-na-aktywna-marke,nie (ten sam adres),tak,poradnik — ten sam adres
https://rotenso.com/pl/kolorowe-klimatyzatory/,https://rotenso.com/pl/kolorowe-klimatyzatory,nie (ten sam adres),tak,poradnik — ten sam adres
https://rotenso.com/pl/ladny-dom-o-5-powodach-dla-ktorych-warto-wybrac-pompe-ciepla-rotenso/,https://rotenso.com/pl/ladny-dom-o-5-powodach-dla-ktorych-warto-wybrac-pompe-ciepla-rotenso,nie (ten sam adres),tak,poradnik — ten sam adres
https://rotenso.com/pl/dom-energooszczedny-vademecum-rotenso-w-specjalnym-numerze-miesiecznika-budujemy-dom/,https://rotenso.com/pl/dom-energooszczedny-vademecum-rotenso-w-specjalnym-numerze-miesiecznika-budujemy-dom,nie (ten sam adres),tak,poradnik — ten sam adres
https://rotenso.com/pl/przetwarzanie-danych-na-potrzeby-rekrutacji/,https://rotenso.com/pl/przetwarzanie-danych-na-potrzeby-rekrutacji,nie (ten sam adres),tak,poradnik — ten sam adres
https://rotenso.com/pl/media/,https://rotenso.com/pl/media,nie (ten sam adres),tak,poradnik — ten sam adres
https://rotenso.com/pl/jak-powinna-pracowac-pompa-ciepla/,https://rotenso.com/pl/jak-powinna-pracowac-pompa-ciepla,nie (ten sam adres),tak,poradnik — ten sam adres
https://rotenso.com/pl/tryb-osuszania-w-klimatyzacji-kiedy-uzywac-i-jak-dziala/,https://rotenso.com/pl/tryb-osuszania-w-klimatyzacji-kiedy-uzywac-i-jak-dziala,nie (ten sam adres),tak,poradnik — ten sam adres
https://rotenso.com/pl/etykieta-energetyczna-klimatyzacji-jak-czytac/,https://rotenso.com/pl/etykieta-energetyczna-klimatyzacji-jak-czytac,nie (ten sam adres),tak,poradnik — ten sam adres
https://rotenso.com/pl/jak-ustawic-klimatyzacje/,https://rotenso.com/pl/jak-ustawic-klimatyzacje,nie (ten sam adres),tak,poradnik — ten sam adres
https://rotenso.com/pl/energooszczedne-pompy-ciepla-i-klimatyzatory-rotenso-w-muratorze/,https://rotenso.com/pl/energooszczedne-pompy-ciepla-i-klimatyzatory-rotenso-w-muratorze,nie (ten sam adres),tak,poradnik — ten sam adres
https://rotenso.com/pl/nowoczesna-technologia/,https://rotenso.com/pl/nowoczesna-technologia,nie (ten sam adres),tak,poradnik — ten sam adres
https://rotenso.com/pl/case-study-ehtic-europejskie-centrum-innowacyjnych-technologii-dla-zdrowia/,https://rotenso.com/pl/case-study-ehtic-europejskie-centrum-innowacyjnych-technologii-dla-zdrowia,nie (ten sam adres),tak,poradnik — ten sam adres
https://rotenso.com/pl/rvf-evi-rotenso/,https://rotenso.com/pl/rvf-evi-rotenso,nie (ten sam adres),tak,poradnik — ten sam adres
https://rotenso.com/pl/mini-rvf-v5-rotenso/,https://rotenso.com/pl/mini-rvf-v5-rotenso,nie (ten sam adres),tak,poradnik — ten sam adres
https://rotenso.com/pl/verde-montana/,https://rotenso.com/pl/verde-montana,nie (ten sam adres),tak,poradnik — ten sam adres
https://rotenso.com/pl/case-study-system-rvf-w-restauracji-muszla-gdynia/,https://rotenso.com/pl/case-study-system-rvf-w-restauracji-muszla-gdynia,nie (ten sam adres),tak,poradnik — ten sam adres
https://rotenso.com/pl/system-rvf-hotel-mercure/,https://rotenso.com/pl/system-rvf-hotel-mercure,nie (ten sam adres),tak,poradnik — ten sam adres
https://rotenso.com/pl/systemy-sterowania-rvf-rotenso/,https://rotenso.com/pl/systemy-sterowania-rvf-rotenso,nie (ten sam adres),tak,poradnik — ten sam adres
https://rotenso.com/pl/rotenso-generacja-x/,https://rotenso.com/pl/rotenso-generacja-x,nie (ten sam adres),tak,poradnik — ten sam adres
https://rotenso.com/pl/systemy-rvf-dla-hoteli/,https://rotenso.com/pl/systemy-rvf-dla-hoteli,nie (ten sam adres),tak,poradnik — ten sam adres
https://rotenso.com/pl/jak-dobrac-moc-klimatyzatora/,https://rotenso.com/pl/jak-dobrac-moc-klimatyzatora,nie (ten sam adres),tak,poradnik — ten sam adres
https://rotenso.com/pl/ile-lat-wytrzymuje-pompa-ciepla-powietrze-woda/,https://rotenso.com/pl/ile-lat-wytrzymuje-pompa-ciepla-powietrze-woda,nie (ten sam adres),tak,poradnik — ten sam adres
https://rotenso.com/pl/jak-dobrac-moc-klimatyzatora-do-wielkosci-pomieszczenia-3-5-kw-5-kw-7-kw/,https://rotenso.com/pl/jak-dobrac-moc-klimatyzatora-do-wielkosci-pomieszczenia-3-5-kw-5-kw-7-kw,nie (ten sam adres),tak,poradnik — ten sam adres
https://rotenso.com/pl/rotenso-zaprasza-na-targi-warsaw-hvac-expo-2024/,https://rotenso.com/pl/rotenso-zaprasza-na-targi-warsaw-hvac-expo-2024,nie (ten sam adres),tak,poradnik — ten sam adres
https://rotenso.com/pl/relacja-z-targow-warsaw-hvac-expo-2024/,https://rotenso.com/pl/relacja-z-targow-warsaw-hvac-expo-2024,nie (ten sam adres),tak,poradnik — ten sam adres
https://rotenso.com/pl/znajdz-instalatora-klimatyzacji-w-twoim-miescie/,https://rotenso.com/pl/znajdz-instalatora-klimatyzacji-w-twoim-miescie,nie (ten sam adres),tak,poradnik — ten sam adres
https://rotenso.com/pl/wiosna-w-domu-jak-klimatyzatory-i-rosliny-poprawiaja-jakosc-powietrza/,https://rotenso.com/pl/wiosna-w-domu-jak-klimatyzatory-i-rosliny-poprawiaja-jakosc-powietrza,nie (ten sam adres),tak,poradnik — ten sam adres
https://rotenso.com/pl/24-urodziny-thermosilesia/,https://rotenso.com/pl/24-urodziny-thermosilesia,nie (ten sam adres),tak,poradnik — ten sam adres
https://rotenso.com/pl/premiera-nowego-katalogu-klimatyzacji-rotenso/,https://rotenso.com/pl/premiera-nowego-katalogu-klimatyzacji-rotenso,nie (ten sam adres),tak,poradnik — ten sam adres
https://rotenso.com/pl/europejski-certyfikat-keymark-w-pompach-ciepla-rotenso/,https://rotenso.com/pl/europejski-certyfikat-keymark-w-pompach-ciepla-rotenso,nie (ten sam adres),tak,poradnik — ten sam adres
https://rotenso.com/pl/klimatyzator-scienny-imoto-serii-x/,https://rotenso.com/pl/klimatyzator-scienny-imoto-serii-x,nie (ten sam adres),tak,poradnik — ten sam adres
https://rotenso.com/pl/rotenso-ukura-efektywnosc-wygoda-i-czyste-powietrze/,https://rotenso.com/pl/rotenso-ukura-efektywnosc-wygoda-i-czyste-powietrze,nie (ten sam adres),tak,poradnik — ten sam adres
https://rotenso.com/pl/klimatyzacja-w-miejscu-pracy-najwazniejsze-fakty/,https://rotenso.com/pl/klimatyzacja-w-miejscu-pracy-najwazniejsze-fakty,nie (ten sam adres),tak,poradnik — ten sam adres
https://rotenso.com/pl/wyjatkowy-klimatyzator-rotenso-mirai/,https://rotenso.com/pl/wyjatkowy-klimatyzator-rotenso-mirai,nie (ten sam adres),tak,poradnik — ten sam adres
https://rotenso.com/pl/rotenso-roni-innowacyjny-klimatyzator/,https://rotenso.com/pl/rotenso-roni-innowacyjny-klimatyzator,nie (ten sam adres),tak,poradnik — ten sam adres
https://rotenso.com/pl/klimatyzator-rotenso-elis-w-grafitowym-wykonczeniu/,https://rotenso.com/pl/klimatyzator-rotenso-elis-w-grafitowym-wykonczeniu,nie (ten sam adres),tak,poradnik — ten sam adres
https://rotenso.com/pl/systemy-optymalizacji-pracy/,https://rotenso.com/pl/systemy-optymalizacji-pracy,nie (ten sam adres),tak,poradnik — ten sam adres
https://rotenso.com/pl/montaz-klimatyzacji-jak-sie-do-niego-przygotowac/,https://rotenso.com/pl/montaz-klimatyzacji-jak-sie-do-niego-przygotowac,nie (ten sam adres),tak,poradnik — ten sam adres
https://rotenso.com/pl/dlaczego-klimatyzatory-zawiesza-sie-pod-sufitem-pomieszczenia/,https://rotenso.com/pl/dlaczego-klimatyzatory-zawiesza-sie-pod-sufitem-pomieszczenia,nie (ten sam adres),tak,poradnik — ten sam adres
https://rotenso.com/pl/tryb-defrost-w-klimatyzacji/,https://rotenso.com/pl/tryb-defrost-w-klimatyzacji,nie (ten sam adres),tak,poradnik — ten sam adres
https://rotenso.com/pl/punkt-biwalentny-w-doborze-pomp-ciepla/,https://rotenso.com/pl/punkt-biwalentny-w-doborze-pomp-ciepla,nie (ten sam adres),tak,poradnik — ten sam adres
https://rotenso.com/pl/pompy-ciepla-ogrzewanie-przyszlosci/,https://rotenso.com/pl/pompy-ciepla-ogrzewanie-przyszlosci,nie (ten sam adres),tak,poradnik — ten sam adres
https://rotenso.com/pl/jaka-moc-pompy-ciepla/,https://rotenso.com/pl/jaka-moc-pompy-ciepla,nie (ten sam adres),tak,poradnik — ten sam adres
https://rotenso.com/pl/jaki-bufor-ciepla-do-instalacji-z-pompa-ciepla-rotenso/,https://rotenso.com/pl/jaki-bufor-ciepla-do-instalacji-z-pompa-ciepla-rotenso,nie (ten sam adres),tak,poradnik — ten sam adres
https://rotenso.com/pl/parametry-i-funkcje-rotenso-windmi/,https://rotenso.com/pl/parametry-i-funkcje-rotenso-windmi,nie (ten sam adres),tak,poradnik — ten sam adres
https://rotenso.com/pl/klimatyzacja-w-budynkach-zabytkowych/,https://rotenso.com/pl/klimatyzacja-w-budynkach-zabytkowych,nie (ten sam adres),tak,poradnik — ten sam adres
https://rotenso.com/pl/revio-rewolucja-w-montazu/,https://rotenso.com/pl/revio-rewolucja-w-montazu,nie (ten sam adres),tak,poradnik — ten sam adres
https://rotenso.com/pl/klasa-efektywnosci-energetycznej-klimatyzatora/,https://rotenso.com/pl/klasa-efektywnosci-energetycznej-klimatyzatora,nie (ten sam adres),tak,poradnik — ten sam adres
https://rotenso.com/pl/split-czy-multisplit/,https://rotenso.com/pl/split-czy-multisplit,nie (ten sam adres),tak,poradnik — ten sam adres
https://rotenso.com/pl/systemy-nawiewu/,https://rotenso.com/pl/systemy-nawiewu,nie (ten sam adres),tak,poradnik — ten sam adres
https://rotenso.com/pl/ekologia-czynnik-r32/,https://rotenso.com/pl/ekologia-czynnik-r32,nie (ten sam adres),tak,poradnik — ten sam adres
https://rotenso.com/pl/gwarancja/,https://rotenso.com/pl/gwarancja,nie (ten sam adres),tak,poradnik — ten sam adres
https://rotenso.com/pl/dlaczego-warto-7powodow/,https://rotenso.com/pl/dlaczego-warto-7powodow,nie (ten sam adres),tak,poradnik — ten sam adres
https://rotenso.com/pl/klimatyzacja-w-szkole-to-oplacalna-inwestycja/,https://rotenso.com/pl/klimatyzacja-w-szkole-to-oplacalna-inwestycja,nie (ten sam adres),tak,poradnik — ten sam adres
https://rotenso.com/pl/wplyw-klimatyzacji-na-srodowisko/,https://rotenso.com/pl/wplyw-klimatyzacji-na-srodowisko,nie (ten sam adres),tak,poradnik — ten sam adres
https://rotenso.com/pl/montaz-klimatyzacji-multi-split-w-domu-jednorodzinnym/,https://rotenso.com/pl/montaz-klimatyzacji-multi-split-w-domu-jednorodzinnym,nie (ten sam adres),tak,poradnik — ten sam adres
https://rotenso.com/pl/rotenso-na-targach-mce-mediolan-2024/,https://rotenso.com/pl/rotenso-na-targach-mce-mediolan-2024,nie (ten sam adres),tak,poradnik — ten sam adres
https://rotenso.com/pl/najwiekszy-wybor-powietrznych-pomp-ciepla-na-rynku/,https://rotenso.com/pl/najwiekszy-wybor-powietrznych-pomp-ciepla-na-rynku,nie (ten sam adres),tak,poradnik — ten sam adres
https://rotenso.com/pl/parametry-i-funkcje-rotenso-aquami/,https://rotenso.com/pl/parametry-i-funkcje-rotenso-aquami,nie (ten sam adres),tak,poradnik — ten sam adres
https://rotenso.com/pl/gdzie-zamontowac-pompe-ciepla/,https://rotenso.com/pl/gdzie-zamontowac-pompe-ciepla,nie (ten sam adres),tak,poradnik — ten sam adres
https://rotenso.com/pl/pompa-ciepla-co-nalezy-wiedziec-przed-jej-zakupem/,https://rotenso.com/pl/pompa-ciepla-co-nalezy-wiedziec-przed-jej-zakupem,nie (ten sam adres),tak,poradnik — ten sam adres
https://rotenso.com/pl/gdzie-umiescic-klimatyzator-scienny/,https://rotenso.com/pl/gdzie-umiescic-klimatyzator-scienny,nie (ten sam adres),tak,poradnik — ten sam adres
https://rotenso.com/pl/sterowanie-klimatyzacja/,https://rotenso.com/pl/sterowanie-klimatyzacja,nie (ten sam adres),tak,poradnik — ten sam adres
https://rotenso.com/pl/jak-obnizyc-wilgotnosc-powietrza-w-domu-lub-mieszkaniu/,https://rotenso.com/pl/jak-obnizyc-wilgotnosc-powietrza-w-domu-lub-mieszkaniu,nie (ten sam adres),tak,poradnik — ten sam adres
https://rotenso.com/pl/jak-dziala-klimatyzacja/,https://rotenso.com/pl/jak-dziala-klimatyzacja,nie (ten sam adres),tak,poradnik — ten sam adres
https://rotenso.com/pl/klimatyzacja-w-bloku/,https://rotenso.com/pl/klimatyzacja-w-bloku,nie (ten sam adres),tak,poradnik — ten sam adres
https://rotenso.com/pl/ile-kosztuje-rekuperacja/,https://rotenso.com/pl/ile-kosztuje-rekuperacja,nie (ten sam adres),tak,poradnik — ten sam adres
https://rotenso.com/pl/montaz-klimatyzacji-w-bloku/,https://rotenso.com/pl/montaz-klimatyzacji-w-bloku,nie (ten sam adres),tak,poradnik — ten sam adres
https://rotenso.com/pl/co-to-jest-klimatyzacja-multisplit-jak-dziala/,https://rotenso.com/pl/co-to-jest-klimatyzacja-multisplit-jak-dziala,nie (ten sam adres),tak,poradnik — ten sam adres
https://rotenso.com/pl/klimatyzacja-split-co-to-jest/,https://rotenso.com/pl/klimatyzacja-split-co-to-jest,nie (ten sam adres),tak,poradnik — ten sam adres
https://rotenso.com/pl/klimatyzacja-do-mieszkania-60m2/,https://rotenso.com/pl/klimatyzacja-do-mieszkania-60m2,nie (ten sam adres),tak,poradnik — ten sam adres
https://rotenso.com/pl/klimatyzacja-do-mieszkania-50m2/,https://rotenso.com/pl/klimatyzacja-do-mieszkania-50m2,nie (ten sam adres),tak,poradnik — ten sam adres
https://rotenso.com/pl/rekuperacja-czy-warto/,https://rotenso.com/pl/rekuperacja-czy-warto,nie (ten sam adres),tak,poradnik — ten sam adres
https://rotenso.com/pl/filtry-do-rekuperacji/,https://rotenso.com/pl/filtry-do-rekuperacji,nie (ten sam adres),tak,poradnik — ten sam adres
https://rotenso.com/pl/co-to-jest-vrf/,https://rotenso.com/pl/co-to-jest-vrf,nie (ten sam adres),tak,poradnik — ten sam adres
https://rotenso.com/pl/wymiennik-entalpiczny-w-rekuperatorze/,https://rotenso.com/pl/wymiennik-entalpiczny-w-rekuperatorze,nie (ten sam adres),tak,poradnik — ten sam adres
https://rotenso.com/pl/klimatyzacja-do-mieszkania-40-m2/,https://rotenso.com/pl/klimatyzacja-do-mieszkania-40-m2,nie (ten sam adres),tak,poradnik — ten sam adres
https://rotenso.com/pl/jak-dobrac-moc-pompy-ciepla/,https://rotenso.com/pl/jak-dobrac-moc-pompy-ciepla,nie (ten sam adres),tak,poradnik — ten sam adres
https://rotenso.com/pl/rekuperacja-co-to-jest/,https://rotenso.com/pl/rekuperacja-co-to-jest,nie (ten sam adres),tak,poradnik — ten sam adres
https://rotenso.com/pl/czy-klimatyzator-to-pompa-ciepla-roznice-podobienstwa/,https://rotenso.com/pl/czy-klimatyzator-to-pompa-ciepla-roznice-podobienstwa,nie (ten sam adres),tak,poradnik — ten sam adres
https://rotenso.com/pl/klimatyzacja-do-ogrzewania/,https://rotenso.com/pl/klimatyzacja-do-ogrzewania,nie (ten sam adres),tak,poradnik — ten sam adres
https://rotenso.com/pl/dofinansowania-do-pompy-ciepla/,https://rotenso.com/pl/dofinansowania-do-pompy-ciepla,nie (ten sam adres),tak,poradnik — ten sam adres
https://rotenso.com/pl/ciepla-woda-uzytkowa/,https://rotenso.com/pl/ciepla-woda-uzytkowa,nie (ten sam adres),tak,poradnik — ten sam adres
https://rotenso.com/pl/ogrzewanie-klimatyzacja/,https://rotenso.com/pl/ogrzewanie-klimatyzacja,nie (ten sam adres),tak,poradnik — ten sam adres
https://rotenso.com/pl/rekuperacja-z-klimatyzacja/,https://rotenso.com/pl/rekuperacja-z-klimatyzacja,nie (ten sam adres),tak,poradnik — ten sam adres
https://rotenso.com/pl/czy-klimatyzacja-jest-zdrowa/,https://rotenso.com/pl/czy-klimatyzacja-jest-zdrowa,nie (ten sam adres),tak,poradnik — ten sam adres
https://rotenso.com/pl/pompa-ciepla-split-czy-monoblok/,https://rotenso.com/pl/pompa-ciepla-split-czy-monoblok,nie (ten sam adres),tak,poradnik — ten sam adres
https://rotenso.com/pl/najlepsza-klimatyzacja-do-domu/,https://rotenso.com/pl/najlepsza-klimatyzacja-do-domu,nie (ten sam adres),tak,poradnik — ten sam adres
https://rotenso.com/pl/5-lat-gwarancji/,https://rotenso.com/pl/5-lat-gwarancji,nie (ten sam adres),tak,poradnik — ten sam adres
https://rotenso.com/pl/rotenso-luve-klimatyzacja-nowej-generacji-z-wkladami-zapachowymi/,https://rotenso.com/pl/rotenso-luve-klimatyzacja-nowej-generacji-z-wkladami-zapachowymi,nie (ten sam adres),tak,poradnik — ten sam adres
https://rotenso.com/pl/klimatyzacja-w-domu-fanaberia-czy-standard/,https://rotenso.com/pl/klimatyzacja-w-domu-fanaberia-czy-standard,nie (ten sam adres),tak,poradnik — ten sam adres
https://rotenso.com/pl/rotenso-sprawdzony-dostawca-systemow-vrf-rvf/,https://rotenso.com/pl/rotenso-sprawdzony-dostawca-systemow-vrf-rvf,nie (ten sam adres),tak,poradnik — ten sam adres
https://rotenso.com/pl/systemy-filtracji-powietrza/,https://rotenso.com/pl/systemy-filtracji-powietrza,nie (ten sam adres),tak,poradnik — ten sam adres
https://rotenso.com/pl/filtry-czym-sie-roznia/,https://rotenso.com/pl/filtry-czym-sie-roznia,nie (ten sam adres),tak,poradnik — ten sam adres
https://rotenso.com/pl/znajdz-instalatora-klimatyzacji-rotenso/,https://rotenso.com/pl/znajdz-instalatora-klimatyzacji-rotenso,nie (ten sam adres),tak,poradnik — ten sam adres
https://rotenso.com/pl/klimatyzator-z-funkcja-grzania/,https://rotenso.com/pl/klimatyzator-z-funkcja-grzania,nie (ten sam adres),tak,poradnik — ten sam adres
https://rotenso.com/pl/normy-glosnosci-klimatyzacja-w-blokach/,https://rotenso.com/pl/normy-glosnosci-klimatyzacja-w-blokach,nie (ten sam adres),tak,poradnik — ten sam adres
https://rotenso.com/pl/certyfikat-eurovent/,https://rotenso.com/pl/certyfikat-eurovent,nie (ten sam adres),tak,poradnik — ten sam adres
https://rotenso.com/pl/kariera/,https://rotenso.com/pl/kariera,nie (ten sam adres),tak,poradnik — ten sam adres
https://rotenso.com/pl/shop/,https://rotenso.com/pl,tak,tak,
https://rotenso.com/pl/produkt/oczyszczacz-aero/,https://rotenso.com/pl,tak,tak,produkt wycofany / do decyzji
https://rotenso.com/pl/produkt/rac-x-szablon-pod-html-04-03-2024-as/,https://rotenso.com/pl,tak,tak,szablon WordPress — nie do indeksowania
https://rotenso.com/pl/produkt/rac-x-szablon-pod-html-04-03-2024_bez-hr-hp-as/,https://rotenso.com/pl,tak,tak,szablon WordPress — nie do indeksowania
https://rotenso.com/pl/produkt/odu-szablon-pod-html-rvf-miniv4-10-2024-as/,https://rotenso.com/pl,tak,tak,szablon WordPress — nie do indeksowania
https://rotenso.com/pl/produkt/agregaty-skraplajace-rotenso-rahu/,https://rotenso.com/pl/systemy-rvf,tak,tak,produkt wycofany / do decyzji
https://rotenso.com/pl/produkt/rvf-v5/,https://rotenso.com/pl/produkt/rvf-v5,nie (ten sam adres),nie,
https://rotenso.com/pl/produkt/hr-rvf/,https://rotenso.com/pl/produkt/hr-rvf,nie (ten sam adres),nie,
https://rotenso.com/pl/produkt/mini-rvf-v4/,https://rotenso.com/pl/produkt/mini-rvf-v4,nie (ten sam adres),nie,
https://rotenso.com/pl/produkt/rvf-v-stage/,https://rotenso.com/pl/produkt/rvf-v-stage,nie (ten sam adres),nie,
https://rotenso.com/pl/produkt/minirvf_v5/,https://rotenso.com/pl/produkt/minirvf_v5,nie (ten sam adres),nie,
https://rotenso.com/pl/produkt/cleo/,https://rotenso.com/pl,tak,tak,produkt wycofany / do decyzji
https://rotenso.com/pl/produkt/qube/,https://rotenso.com/pl,tak,tak,produkt wycofany / do decyzji
https://rotenso.com/pl/produkt/teta-2/,https://rotenso.com/pl/produkt/klimatyzator-scienny-rotenso-teta,tak,nie,
https://rotenso.com/pl/produkt/pompa-ciepla-rotenso-airmi-split/,https://rotenso.com/pl/produkt/pompa-ciepla-rotenso-airmi-split,nie (ten sam adres),nie,
https://rotenso.com/pl/produkt/pompa-ciepla-rotenso-aquami-split/,https://rotenso.com/pl/produkt/pompa-ciepla-rotenso-aquami-split,nie (ten sam adres),nie,
https://rotenso.com/pl/produkt/pompa-ciepla-rotenso-aquami-multi/,https://rotenso.com/pl/produkt/pompa-ciepla-rotenso-aquami-multi,nie (ten sam adres),nie,
https://rotenso.com/pl/produkt/pompa-ciepla-rotenso-heatmi-split/,https://rotenso.com/pl/produkt/pompa-ciepla-rotenso-heatmi-split,nie (ten sam adres),nie,
https://rotenso.com/pl/produkt/pompa-ciepla-rotenso-airmi-monoblock/,https://rotenso.com/pl/produkt/pompa-ciepla-rotenso-airmi-monoblock,nie (ten sam adres),nie,
https://rotenso.com/pl/produkt/pompa-ciepla-rotenso-windmi-monoblock/,https://rotenso.com/pl/produkt/pompa-ciepla-rotenso-windmi-monoblock,nie (ten sam adres),nie,
https://rotenso.com/pl/produkt/pompa-ciepla-rotenso-aquami-monoblock/,https://rotenso.com/pl/produkt/pompa-ciepla-rotenso-aquami-monoblock,nie (ten sam adres),nie,
https://rotenso.com/pl/produkt/pompa-ciepla-rotenso-aquami-all-in-split/,https://rotenso.com/pl/produkt/pompa-ciepla-rotenso-aquami-all-in-split,nie (ten sam adres),nie,
https://rotenso.com/pl/produkt/klimatyzator-kanalowy-rotenso-nevo/,https://rotenso.com/pl/produkt/klimatyzator-kanalowy-rotenso-nevo,nie (ten sam adres),nie,
https://rotenso.com/pl/produkt/klimatyzator-kasetonowy-rotenso-tenji-cs/,https://rotenso.com/pl/produkt/klimatyzator-kasetonowy-rotenso-tenji-cs,nie (ten sam adres),nie,
https://rotenso.com/pl/produkt/klimatyzator-kasetonowy-rotenso-tenji-cc/,https://rotenso.com/pl/produkt/klimatyzator-kasetonowy-rotenso-tenji-cc,nie (ten sam adres),nie,
https://rotenso.com/pl/produkt/klimatyzator-konsolowy-rotenso-aneru/,https://rotenso.com/pl/produkt/klimatyzator-konsolowy-rotenso-aneru,nie (ten sam adres),nie,
https://rotenso.com/pl/produkt/klimatyzator-konsolowy-rotenso-aneru-an/,https://rotenso.com/pl/produkt/klimatyzator-konsolowy-rotenso-aneru-an,nie (ten sam adres),nie,
https://rotenso.com/pl/produkt/klimatyzator-konsolowy-rotenso-aneru-hp/,https://rotenso.com/pl/produkt/klimatyzator-konsolowy-rotenso-aneru-hp,nie (ten sam adres),nie,
https://rotenso.com/pl/produkt/klimatyzator-konsolowy-rotenso-aneru-an-multi/,https://rotenso.com/pl/produkt/klimatyzator-konsolowy-rotenso-aneru-an-multi,nie (ten sam adres),nie,
https://rotenso.com/pl/produkt/klimatyzator-konsolowy-rotenso-aneru-multi/,https://rotenso.com/pl/produkt/klimatyzator-konsolowy-rotenso-aneru-multi,nie (ten sam adres),nie,
https://rotenso.com/pl/produkt/klimatyzator-kasetonowy-rotenso-tenji-cc-multi/,https://rotenso.com/pl/produkt/klimatyzator-kasetonowy-rotenso-tenji-cc-multi,nie (ten sam adres),nie,
https://rotenso.com/pl/produkt/klimatyzator-kasetonowy-rotenso-tenji-cs-multi/,https://rotenso.com/pl/produkt/klimatyzator-kasetonowy-rotenso-tenji-cs-multi,nie (ten sam adres),nie,
https://rotenso.com/pl/produkt/klimatyzator-przypodlogowo-podsufitowy-rotenso-jato-multi/,https://rotenso.com/pl/produkt/klimatyzator-przypodlogowo-podsufitowy-rotenso-jato-multi,nie (ten sam adres),nie,
https://rotenso.com/pl/produkt/klimatyzator-kanalowy-rotenso-nevo-multi/,https://rotenso.com/pl/produkt/klimatyzator-kanalowy-rotenso-nevo-multi,nie (ten sam adres),nie,
https://rotenso.com/pl/produkt/zbiornik-cwu-rotenso-thermos-ceramic/,https://rotenso.com/pl/produkt/zbiornik-cwu-rotenso-thermos-ceramic,nie (ten sam adres),nie,
https://rotenso.com/pl/produkt/zbiornik-cwu-rotenso-thermos-ceramic-grey/,https://rotenso.com/pl/produkt/zbiornik-cwu-rotenso-thermos-ceramic-grey,nie (ten sam adres),nie,
https://rotenso.com/pl/produkt/zbiornik-cwu-rotenso-thermos-inox/,https://rotenso.com/pl/produkt/zbiornik-cwu-rotenso-thermos-inox,nie (ten sam adres),nie,
https://rotenso.com/pl/produkt/zbiornik-cwu-rotenso-thermos-dual-inox/,https://rotenso.com/pl/produkt/zbiornik-cwu-rotenso-thermos-dual-inox,nie (ten sam adres),nie,
https://rotenso.com/pl/produkt/zbiornik-cwu-rotenso-thermos-twin-inox/,https://rotenso.com/pl/produkt/zbiornik-cwu-rotenso-thermos-twin-inox,nie (ten sam adres),nie,
https://rotenso.com/pl/produkt/zbiornik-buforowy-rotenso-thermos-store/,https://rotenso.com/pl/produkt/zbiornik-buforowy-rotenso-thermos-store,nie (ten sam adres),nie,
https://rotenso.com/pl/produkt/zbiornik-buforowy-rotenso-thermos-store-plus/,https://rotenso.com/pl/produkt/zbiornik-buforowy-rotenso-thermos-store-plus,nie (ten sam adres),nie,
https://rotenso.com/pl/produkt/zbiornik-buforowy-rotenso-thermos-store-grey/,https://rotenso.com/pl/produkt/zbiornik-buforowy-rotenso-thermos-store-grey,nie (ten sam adres),nie,
https://rotenso.com/pl/produkt/teta/,https://rotenso.com/pl/produkt/klimatyzator-scienny-rotenso-teta,tak,nie,
https://rotenso.com/pl/produkt/versu-mirror-r15/,https://rotenso.com/pl/produkt/klimatyzator-scienny-rotenso-versu-mirror,tak,nie,
https://rotenso.com/pl/produkt/versu-pure/,https://rotenso.com/pl/produkt/klimatyzator-scienny-rotenso-versu-pure,tak,nie,
https://rotenso.com/pl/produkt/versu-mirror-multi-r15/,https://rotenso.com/pl/produkt/klimatyzator-scienny-rotenso-versu-mirror-multi,tak,nie,
https://rotenso.com/pl/produkt/klimatyzator-rotenso-hiro-hp/,https://rotenso.com/pl/produkt/klimatyzator-rotenso-hiro-hp,nie (ten sam adres),nie,
https://rotenso.com/pl/produkt/klimatyzator-rotenso-hiro-s/,https://rotenso.com/pl/produkt/klimatyzator-rotenso-hiro-s,nie (ten sam adres),nie,
https://rotenso.com/pl/produkt/klimatyzator-rotenso-unico/,https://rotenso.com/pl/produkt/klimatyzator-rotenso-unico,nie (ten sam adres),nie,
https://rotenso.com/pl/produkt/klimatyzator-rotenso-hiro-n/,https://rotenso.com/pl/produkt/klimatyzator-rotenso-hiro-n,nie (ten sam adres),nie,
https://rotenso.com/pl/produkt/versu-pure-multi/,https://rotenso.com/pl/produkt/klimatyzator-scienny-rotenso-versu-pure-multi,tak,nie,
https://rotenso.com/pl/produkt/klimatyzator-scienny-rotenso-imoto-r14/,https://rotenso.com/pl/produkt/klimatyzator-scienny-rotenso-imoto,tak,nie,
https://rotenso.com/pl/produkt/klimatyzator-scienny-rotenso-elis-r17/,https://rotenso.com/pl/produkt/klimatyzator-scienny-rotenso-elis,tak,nie,
https://rotenso.com/pl/produkt/klimatyzator-scienny-rotenso-teta-mirror-r16/,https://rotenso.com/pl/produkt/klimatyzator-scienny-rotenso-teta-mirror,tak,nie,
https://rotenso.com/pl/produkt/klimatyzator-scienny-rotenso-roni/,https://rotenso.com/pl/produkt/klimatyzator-scienny-rotenso-roni,nie (ten sam adres),tak,
https://rotenso.com/pl/produkt/klimatyzator-scienny-rotenso-elis-silver/,https://rotenso.com/pl/produkt/klimatyzator-scienny-rotenso-elis-silver,nie (ten sam adres),nie,
https://rotenso.com/pl/produkt/klimatyzator-scienny-rotenso-ukura/,https://rotenso.com/pl/produkt/klimatyzator-scienny-rotenso-ukura,nie (ten sam adres),nie,
https://rotenso.com/pl/produkt/klimatyzator-scienny-rotenso-imoto/,https://rotenso.com/pl/produkt/klimatyzator-scienny-rotenso-imoto,nie (ten sam adres),nie,
https://rotenso.com/pl/produkt/klimatyzator-scienny-rotenso-revio/,https://rotenso.com/pl/produkt/klimatyzator-scienny-rotenso-revio,nie (ten sam adres),nie,
https://rotenso.com/pl/produkt/rvf-enos/,https://rotenso.com/pl/produkt/rvf-enos,nie (ten sam adres),nie,
https://rotenso.com/pl/produkt/rvf-tenji-cs/,https://rotenso.com/pl/produkt/rvf-tenji-cs,nie (ten sam adres),nie,
https://rotenso.com/pl/produkt/rvf-tenji-cc/,https://rotenso.com/pl/produkt/rvf-tenji-cc,nie (ten sam adres),nie,
https://rotenso.com/pl/produkt/rvf-jato-fc/,https://rotenso.com/pl/produkt/rvf-jato-fc,nie (ten sam adres),nie,
https://rotenso.com/pl/produkt/rvf-nevo-dl/,https://rotenso.com/pl/produkt/rvf-nevo-dl,nie (ten sam adres),nie,
https://rotenso.com/pl/produkt/rvf-nevo-dh/,https://rotenso.com/pl/produkt/rvf-nevo-dh,nie (ten sam adres),nie,
https://rotenso.com/pl/produkt/klimatyzator-scienny-rotenso-mirai/,https://rotenso.com/pl/produkt/klimatyzator-scienny-rotenso-mirai,nie (ten sam adres),tak,
https://rotenso.com/pl/produkt/versu-cloth-stone/,https://rotenso.com/pl/produkt/klimatyzator-scienny-rotenso-versu-cloth-stone,tak,nie,
https://rotenso.com/pl/produkt/klimatyzator-scienny-rotenso-versu-cloth-caramel/,https://rotenso.com/pl/produkt/klimatyzator-scienny-rotenso-versu-cloth-caramel,nie (ten sam adres),nie,
https://rotenso.com/pl/produkt/wint/,https://rotenso.com/pl,tak,tak,produkt wycofany / do decyzji
https://rotenso.com/pl/produkt/ione/,https://rotenso.com/pl,tak,tak,produkt wycofany / do decyzji
https://rotenso.com/pl/produkt/klimatyzator-przypodlogowo-podsufitowy-rotenso-jato/,https://rotenso.com/pl/produkt/klimatyzator-przypodlogowo-podsufitowy-rotenso-jato,nie (ten sam adres),nie,
https://rotenso.com/pl/produkt/piura/,https://rotenso.com/pl,tak,tak,produkt wycofany / do decyzji
https://rotenso.com/pl/produkt/klimatyzator-scienny-rotenso-versu-mirror/,https://rotenso.com/pl/produkt/klimatyzator-scienny-rotenso-versu-mirror,nie (ten sam adres),nie,
https://rotenso.com/pl/produkt/agregaty-skraplajace-rotenso-rvf-ahu/,https://rotenso.com/pl/produkt/agregaty-skraplajace-rotenso-rvf-ahu,nie (ten sam adres),nie,
https://rotenso.com/pl/produkt/klimatyzator-scienny-rotenso-luve-pro-black/,https://rotenso.com/pl/produkt/klimatyzator-scienny-rotenso-luve-pro-black,nie (ten sam adres),nie,
https://rotenso.com/pl/produkt/klimatyzator-scienny-rotenso-luve/,https://rotenso.com/pl/produkt/klimatyzator-scienny-rotenso-luve,nie (ten sam adres),nie,
https://rotenso.com/pl/produkt/klimatyzator-scienny-rotenso-luve-black/,https://rotenso.com/pl/produkt/klimatyzator-scienny-rotenso-luve-black,nie (ten sam adres),nie,
https://rotenso.com/pl/produkt/klimatyzator-scienny-rotenso-luve-pro/,https://rotenso.com/pl/produkt/klimatyzator-scienny-rotenso-luve-pro,nie (ten sam adres),nie,
https://rotenso.com/pl/produkt/klimatyzator-scienny-rotenso-fresh/,https://rotenso.com/pl/produkt/klimatyzator-scienny-rotenso-fresh,nie (ten sam adres),tak,
https://rotenso.com/pl/produkt/klimatyzator-scienny-rotenso-versu-pure/,https://rotenso.com/pl/produkt/klimatyzator-scienny-rotenso-versu-pure,nie (ten sam adres),nie,
https://rotenso.com/pl/produkt/klimatyzator-scienny-rotenso-teta/,https://rotenso.com/pl/produkt/klimatyzator-scienny-rotenso-teta,nie (ten sam adres),nie,
https://rotenso.com/pl/produkt/klimatyzator-scienny-rotenso-teta-mirror/,https://rotenso.com/pl/produkt/klimatyzator-scienny-rotenso-teta-mirror,nie (ten sam adres),nie,
https://rotenso.com/pl/produkt/klimatyzator-scienny-rotenso-imoto-multi-r14/,https://rotenso.com/pl/produkt/klimatyzator-scienny-rotenso-imoto-multi,tak,nie,
https://rotenso.com/pl/produkt/klimatyzator-scienny-rotenso-mirai-multi/,https://rotenso.com/pl/produkt/klimatyzator-scienny-rotenso-mirai-multi,nie (ten sam adres),nie,
https://rotenso.com/pl/produkt/klimatyzator-scienny-rotenso-fresh-multi/,https://rotenso.com/pl/produkt/klimatyzator-scienny-rotenso-fresh-multi,nie (ten sam adres),nie,
https://rotenso.com/pl/produkt/klimatyzator-scienny-rotenso-versu-mirror-multi/,https://rotenso.com/pl/produkt/klimatyzator-scienny-rotenso-versu-mirror-multi,nie (ten sam adres),nie,
https://rotenso.com/pl/produkt/klimatyzator-scienny-rotenso-versu-pure-multi/,https://rotenso.com/pl/produkt/klimatyzator-scienny-rotenso-versu-pure-multi,nie (ten sam adres),nie,
https://rotenso.com/pl/produkt/versu-cloth-stone-multi/,https://rotenso.com/pl/produkt/klimatyzator-scienny-rotenso-versu-cloth-stone-multi,tak,nie,
https://rotenso.com/pl/produkt/klimatyzator-scienny-rotenso-versu-cloth-caramel-multi/,https://rotenso.com/pl/produkt/klimatyzator-scienny-rotenso-versu-cloth-caramel-multi,nie (ten sam adres),nie,
https://rotenso.com/pl/produkt/klimatyzator-scienny-rotenso-luve-black-multi/,https://rotenso.com/pl/produkt/klimatyzator-scienny-rotenso-luve-black-multi,nie (ten sam adres),nie,
https://rotenso.com/pl/produkt/klimatyzator-scienny-rotenso-luve-multi/,https://rotenso.com/pl/produkt/klimatyzator-scienny-rotenso-luve-multi,nie (ten sam adres),nie,
https://rotenso.com/pl/produkt/klimatyzator-scienny-rotenso-teta-multi/,https://rotenso.com/pl/produkt/klimatyzator-scienny-rotenso-teta-multi,nie (ten sam adres),nie,
https://rotenso.com/pl/produkt/klimatyzator-scienny-rotenso-roni-multi/,https://rotenso.com/pl/produkt/klimatyzator-scienny-rotenso-roni-multi,nie (ten sam adres),nie,
https://rotenso.com/pl/produkt/klimatyzator-scienny-rotenso-revio-multi/,https://rotenso.com/pl/produkt/klimatyzator-scienny-rotenso-revio-multi,nie (ten sam adres),nie,
https://rotenso.com/pl/produkt/teta-mirror-x-multi-r16/,https://rotenso.com/pl/produkt/klimatyzator-scienny-rotenso-teta-mirror-multi,tak,nie,
https://rotenso.com/pl/produkt/klimatyzator-scienny-rotenso-teta-mirror-multi/,https://rotenso.com/pl/produkt/klimatyzator-scienny-rotenso-teta-mirror-multi,nie (ten sam adres),nie,
https://rotenso.com/pl/produkt/rvf-nevo-dm/,https://rotenso.com/pl/produkt/rvf-nevo-dm,nie (ten sam adres),nie,
https://rotenso.com/pl/produkt/klimatyzator-scienny-rotenso-ukura-multi/,https://rotenso.com/pl/produkt/klimatyzator-scienny-rotenso-ukura-multi,nie (ten sam adres),nie,
https://rotenso.com/pl/produkt/klimatyzator-scienny-rotenso-imoto-multi/,https://rotenso.com/pl/produkt/klimatyzator-scienny-rotenso-imoto-multi,nie (ten sam adres),nie,
https://rotenso.com/pl/produkt/klimatyzator-scienny-rotenso-elis/,https://rotenso.com/pl/produkt/klimatyzator-scienny-rotenso-elis,nie (ten sam adres),nie,
https://rotenso.com/pl/produkt/klimatyzator-scienny-rotenso-elis-multi-r17/,https://rotenso.com/pl/produkt/klimatyzator-scienny-rotenso-elis-multi,tak,nie,
https://rotenso.com/pl/produkt/klimatyzator-scienny-rotenso-elis-silver-multi/,https://rotenso.com/pl/produkt/klimatyzator-scienny-rotenso-elis-silver-multi,nie (ten sam adres),nie,
https://rotenso.com/pl/produkt/klimatyzator-scienny-rotenso-elis-multi/,https://rotenso.com/pl/produkt/klimatyzator-scienny-rotenso-elis-multi,nie (ten sam adres),nie,
https://rotenso.com/pl/produkt/mirai,https://rotenso.com/pl/produkt/klimatyzator-scienny-rotenso-mirai,tak,tak,z arkusza SEO
https://rotenso.com/pl/produkt/klimatyzacja-rotenso-luve-pro/,https://rotenso.com/pl/produkt/klimatyzator-scienny-rotenso-luve-pro,tak,nie,z arkusza SEO
https://rotenso.com/pl/produkt/klimatyzacja-rotenso-luve-pro-black/,https://rotenso.com/pl/produkt/klimatyzator-scienny-rotenso-luve-pro-black,tak,nie,z arkusza SEO
https://rotenso.com/pl/produkt/klimatyzacja-rotenso-luve/,https://rotenso.com/pl/produkt/klimatyzator-scienny-rotenso-luve,tak,nie,z arkusza SEO
https://rotenso.com/pl/produkt/klimatyzacja-rotenso-luve-black/,https://rotenso.com/pl/produkt/klimatyzator-scienny-rotenso-luve-black,tak,nie,z arkusza SEO
https://rotenso.com/pl/produkt/klimatyzacja-scienna-rotenso-fresh,https://rotenso.com/pl/produkt/klimatyzator-scienny-rotenso-fresh,tak,tak,z arkusza SEO
https://rotenso.com/pl/produkt/versu-cloth-caramel/,https://rotenso.com/pl/produkt/klimatyzator-scienny-rotenso-versu-cloth-caramel,tak,nie,z arkusza SEO
https://rotenso.com/pl/produkt/revio/,https://rotenso.com/pl/produkt/klimatyzator-scienny-rotenso-revio,tak,nie,z arkusza SEO
https://rotenso.com/pl/produkt/klimatyzacja-scienna-rotenso-teta,https://rotenso.com/pl/produkt/klimatyzator-scienny-rotenso-teta,tak,nie,z arkusza SEO
https://rotenso.com/pl/produkt/teta-mirror/,https://rotenso.com/pl/produkt/klimatyzator-scienny-rotenso-teta-mirror,tak,nie,z arkusza SEO
https://rotenso.com/pl/produkt/elis/,https://rotenso.com/pl/produkt/klimatyzator-scienny-rotenso-elis,tak,nie,z arkusza SEO
https://rotenso.com/pl/produkt/elis-silver/,https://rotenso.com/pl/produkt/klimatyzator-scienny-rotenso-elis-silver,tak,nie,z arkusza SEO
https://rotenso.com/pl/produkt/roni/,https://rotenso.com/pl/produkt/klimatyzator-scienny-rotenso-roni,tak,tak,z arkusza SEO
https://rotenso.com/pl/produkt/imoto/,https://rotenso.com/pl/produkt/klimatyzator-scienny-rotenso-imoto,tak,nie,z arkusza SEO
https://rotenso.com/pl/produkt/ukura/,https://rotenso.com/pl/produkt/klimatyzator-scienny-rotenso-ukura,tak,nie,z arkusza SEO
https://rotenso.com/pl/produkt/ukura-h/,https://rotenso.com/pl/produkt/klimatyzator-scienny-rotenso-ukura,tak,nie,z arkusza SEO
https://rotenso.com/pl/produkt/mirai-x-multi/,https://rotenso.com/pl/produkt/klimatyzator-scienny-rotenso-mirai-multi,tak,nie,z arkusza SEO
https://rotenso.com/pl/produkt/fresh-multi/,https://rotenso.com/pl/produkt/klimatyzator-scienny-rotenso-fresh-multi,tak,nie,z arkusza SEO
https://rotenso.com/pl/produkt/luve-multi/,https://rotenso.com/pl/produkt/klimatyzator-scienny-rotenso-luve-multi,tak,nie,z arkusza SEO
https://rotenso.com/pl/produkt/luve-black-multi/,https://rotenso.com/pl/produkt/klimatyzator-scienny-rotenso-luve-black-multi,tak,nie,z arkusza SEO
https://rotenso.com/pl/produkt/versu-cloth-caramel-multi/,https://rotenso.com/pl/produkt/klimatyzator-scienny-rotenso-versu-cloth-caramel-multi,tak,nie,z arkusza SEO
https://rotenso.com/pl/produkt/revio-multi/,https://rotenso.com/pl/produkt/klimatyzator-scienny-rotenso-revio-multi,tak,nie,z arkusza SEO
https://rotenso.com/pl/produkt/klimatyzacja-scienna-rotenso-teta-multi,https://rotenso.com/pl/produkt/klimatyzator-scienny-rotenso-teta-multi,tak,nie,z arkusza SEO
https://rotenso.com/pl/produkt/teta-mirror-x-multi/,https://rotenso.com/pl/produkt/klimatyzator-scienny-rotenso-teta-mirror-multi,tak,nie,z arkusza SEO
https://rotenso.com/pl/produkt/elis-x-multi/,https://rotenso.com/pl/produkt/klimatyzator-scienny-rotenso-elis-multi,tak,nie,z arkusza SEO
https://rotenso.com/pl/produkt/elis-silver-x-multi/,https://rotenso.com/pl/produkt/klimatyzator-scienny-rotenso-elis-silver-multi,tak,nie,z arkusza SEO
https://rotenso.com/pl/produkt/imoto-multi/,https://rotenso.com/pl/produkt/klimatyzator-scienny-rotenso-imoto-multi,tak,nie,z arkusza SEO
https://rotenso.com/pl/produkt/ukura-x-multi/,https://rotenso.com/pl/produkt/klimatyzator-scienny-rotenso-ukura-multi,tak,nie,z arkusza SEO
https://rotenso.com/pl/produkt/roni-multi/,https://rotenso.com/pl/produkt/klimatyzator-scienny-rotenso-roni-multi,tak,nie,z arkusza SEO
https://rotenso.com/pl/produkt/aneru-hp/,https://rotenso.com/pl/produkt/klimatyzator-konsolowy-rotenso-aneru-hp,tak,nie,z arkusza SEO
https://rotenso.com/pl/produkt/aneru-an/,https://rotenso.com/pl/produkt/klimatyzator-konsolowy-rotenso-aneru-an,tak,nie,z arkusza SEO
https://rotenso.com/pl/produkt/aneru/,https://rotenso.com/pl/produkt/klimatyzator-konsolowy-rotenso-aneru,tak,nie,z arkusza SEO
https://rotenso.com/pl/produkt/tenji-cc/,https://rotenso.com/pl/produkt/klimatyzator-kasetonowy-rotenso-tenji-cc,tak,nie,z arkusza SEO
https://rotenso.com/pl/produkt/tenji-cs/,https://rotenso.com/pl/produkt/klimatyzator-kasetonowy-rotenso-tenji-cs,tak,nie,z arkusza SEO
https://rotenso.com/pl/produkt/jato/,https://rotenso.com/pl/produkt/klimatyzator-przypodlogowo-podsufitowy-rotenso-jato,tak,nie,z arkusza SEO
https://rotenso.com/pl/produkt/nevo/,https://rotenso.com/pl/produkt/klimatyzator-kanalowy-rotenso-nevo,tak,nie,z arkusza SEO
https://rotenso.com/pl/produkt/aneru-multi/,https://rotenso.com/pl/produkt/klimatyzator-konsolowy-rotenso-aneru-multi,tak,nie,z arkusza SEO
https://rotenso.com/pl/produkt/aneru-an-x-multi/,https://rotenso.com/pl/produkt/klimatyzator-konsolowy-rotenso-aneru-an-multi,tak,nie,z arkusza SEO
https://rotenso.com/pl/produkt/tenji-cc-multi/,https://rotenso.com/pl/produkt/klimatyzator-kasetonowy-rotenso-tenji-cc-multi,tak,nie,z arkusza SEO
https://rotenso.com/pl/produkt/tenji-cs-multi/,https://rotenso.com/pl/produkt/klimatyzator-kasetonowy-rotenso-tenji-cs-multi,tak,nie,z arkusza SEO
https://rotenso.com/pl/produkt/nevo-x-multi/,https://rotenso.com/pl/produkt/klimatyzator-kanalowy-rotenso-nevo-multi,tak,nie,z arkusza SEO
https://rotenso.com/pl/produkt/jato-multi/,https://rotenso.com/pl/produkt/klimatyzator-przypodlogowo-podsufitowy-rotenso-jato-multi,tak,nie,z arkusza SEO
https://rotenso.com/pl/produkt/klimatyzacja-rotenso-hiro-hp/,https://rotenso.com/pl/produkt/klimatyzator-rotenso-hiro-hp,tak,nie,z arkusza SEO
https://rotenso.com/pl/produkt/hiro-s/,https://rotenso.com/pl/produkt/klimatyzator-rotenso-hiro-s,tak,nie,z arkusza SEO
https://rotenso.com/pl/produkt/klimatyzacja-rotenso-hiro-n/,https://rotenso.com/pl/produkt/klimatyzator-rotenso-hiro-n,tak,nie,z arkusza SEO
https://rotenso.com/pl/produkt/unico/,https://rotenso.com/pl/produkt/klimatyzator-rotenso-unico,tak,nie,z arkusza SEO
https://rotenso.com/pl/produkt/airmi-split/,https://rotenso.com/pl/produkt/pompa-ciepla-rotenso-airmi-split,tak,nie,z arkusza SEO
https://rotenso.com/pl/produkt/aquami-split/,https://rotenso.com/pl/produkt/pompa-ciepla-rotenso-aquami-split,tak,nie,z arkusza SEO
https://rotenso.com/pl/produkt/aquami-multi/,https://rotenso.com/pl/produkt/pompa-ciepla-rotenso-aquami-multi,tak,nie,z arkusza SEO
https://rotenso.com/pl/produkt/heatmi-split/,https://rotenso.com/pl/produkt/pompa-ciepla-rotenso-heatmi-split,tak,nie,z arkusza SEO
https://rotenso.com/pl/produkt/airmi-monoblock/,https://rotenso.com/pl/produkt/pompa-ciepla-rotenso-airmi-monoblock,tak,nie,z arkusza SEO
https://rotenso.com/pl/produkt/aquami-monoblock/,https://rotenso.com/pl/produkt/pompa-ciepla-rotenso-aquami-monoblock,tak,nie,z arkusza SEO
https://rotenso.com/pl/produkt/windmi-monoblock/,https://rotenso.com/pl/produkt/pompa-ciepla-rotenso-windmi-monoblock,tak,nie,z arkusza SEO
https://rotenso.com/pl/produkt/aquami-all-in-split/,https://rotenso.com/pl/produkt/pompa-ciepla-rotenso-aquami-all-in-split,tak,nie,z arkusza SEO
https://rotenso.com/pl/produkt/thermos-ceramic/,https://rotenso.com/pl/produkt/zbiornik-cwu-rotenso-thermos-ceramic,tak,nie,z arkusza SEO
https://rotenso.com/pl/produkt/thermos-ceramic-grey/,https://rotenso.com/pl/produkt/zbiornik-cwu-rotenso-thermos-ceramic-grey,tak,nie,z arkusza SEO
https://rotenso.com/pl/produkt/thermos-inox/,https://rotenso.com/pl/produkt/zbiornik-cwu-rotenso-thermos-inox,tak,nie,z arkusza SEO
https://rotenso.com/pl/produkt/thermos-dual-inox/,https://rotenso.com/pl/produkt/zbiornik-cwu-rotenso-thermos-dual-inox,tak,nie,z arkusza SEO
https://rotenso.com/pl/produkt/thermos-twin-inox/,https://rotenso.com/pl/produkt/zbiornik-cwu-rotenso-thermos-twin-inox,tak,nie,z arkusza SEO
https://rotenso.com/pl/produkt/thermos-store/,https://rotenso.com/pl/produkt/zbiornik-buforowy-rotenso-thermos-store,tak,nie,z arkusza SEO
https://rotenso.com/pl/produkt/thermos-store-plus/,https://rotenso.com/pl/produkt/zbiornik-buforowy-rotenso-thermos-store-plus,tak,nie,z arkusza SEO
https://rotenso.com/pl/produkt/thermos-store-grey/,https://rotenso.com/pl/produkt/zbiornik-buforowy-rotenso-thermos-store-grey,tak,nie,z arkusza SEO
https://rotenso.com/pl/kategoria-produktu/bez-kategorii/,https://rotenso.com/pl,tak,tak,kategoria wycofana
https://rotenso.com/pl/kategoria-produktu/szablon-html/,https://rotenso.com/pl,tak,tak,kategoria wycofana
https://rotenso.com/pl/kategoria-produktu/klimatyzatory/,https://rotenso.com/pl/klimatyzacja,tak,nie,
https://rotenso.com/pl/kategoria-produktu/klimatyzatory/pokojowe/,https://rotenso.com/pl/klimatyzacja/split,tak,nie,
https://rotenso.com/pl/kategoria-produktu/klimatyzatory/komercyjne/,https://rotenso.com/pl/klimatyzacja/sufitowe,tak,nie,
https://rotenso.com/pl/kategoria-produktu/klimatyzatory/multi-split/,https://rotenso.com/pl/klimatyzacja/multi-split,tak,nie,
https://rotenso.com/pl/kategoria-produktu/oczyszczacze/,https://rotenso.com/pl,tak,tak,kategoria wycofana
https://rotenso.com/pl/kategoria-produktu/oczyszczacze-z-nawlizaniem/,https://rotenso.com/pl,tak,tak,kategoria wycofana
https://rotenso.com/pl/kategoria-produktu/systemy-rvf/,https://rotenso.com/pl/systemy-rvf,tak,tak,
https://rotenso.com/pl/kategoria-produktu/systemy-rvf/jednostki-zewnetrzne/,https://rotenso.com/pl/systemy-rvf/jednostki-zewnetrzne,tak,nie,
https://rotenso.com/pl/kategoria-produktu/systemy-rvf/jednostki-wewnetrzne/,https://rotenso.com/pl/systemy-rvf/jednostki-wewnetrzne,tak,nie,
https://rotenso.com/pl/kategoria-produktu/pompy-ciepla/,https://rotenso.com/pl/pompy-ciepla,tak,nie,
https://rotenso.com/pl/kategoria-produktu/pompy-ciepla/typu-split/,https://rotenso.com/pl/pompy-ciepla/split,tak,nie,
https://rotenso.com/pl/kategoria-produktu/pompy-ciepla/typu-monoblock/,https://rotenso.com/pl/pompy-ciepla/monoblock,tak,nie,
https://rotenso.com/pl/kategoria-produktu/pompy-ciepla/typu-all-in-split/,https://rotenso.com/pl/pompy-ciepla/all-in,tak,nie,
https://rotenso.com/pl/kategoria-produktu/pompy-ciepla/zbiorniki-cwu/,https://rotenso.com/pl/pompy-ciepla/zbiorniki,tak,nie,
https://rotenso.com/pl/kategoria-produktu/pompy-ciepla/zbiorniki-buforowe/,https://rotenso.com/pl/pompy-ciepla/zbiorniki,tak,nie,
https://rotenso.com/pl/kategoria-produktu/agregaty-do-central/,https://rotenso.com/pl/systemy-rvf,tak,tak,
https://rotenso.com/pl/kategoria-produktu/agregaty-do-central/agregaty-skraplajace-rahu/,https://rotenso.com/pl/systemy-rvf,tak,tak,
https://rotenso.com/pl/kategoria-produktu/agregaty-do-central/agregaty-skraplajace-rvf-ahu/,https://rotenso.com/pl/systemy-rvf,tak,tak,
https://rotenso.com/pl/category/akademia-rotenso/,https://rotenso.com/pl/poradnik?kategoria=z-zycia-firmy,tak,tak,
https://rotenso.com/pl/category/case-study/,https://rotenso.com/pl/poradnik,tak,tak,
https://rotenso.com/pl/category/dla-biznesu/,https://rotenso.com/pl/poradnik,tak,tak,
https://rotenso.com/pl/category/dla-domu/,https://rotenso.com/pl/poradnik,tak,tak,
https://rotenso.com/pl/category/dla-mieszkania/,https://rotenso.com/pl/poradnik,tak,tak,
https://rotenso.com/pl/category/klimatyzacja/,https://rotenso.com/pl/poradnik?kategoria=klimatyzacja,tak,tak,
https://rotenso.com/pl/category/media/,https://rotenso.com/pl/poradnik?kategoria=z-zycia-firmy,tak,tak,
https://rotenso.com/pl/category/pompy-ciepla/,https://rotenso.com/pl/poradnik?kategoria=pompy-ciepla,tak,tak,
https://rotenso.com/pl/category/poradnik/,https://rotenso.com/pl/poradnik,tak,tak,
https://rotenso.com/pl/category/rekuperacja/,https://rotenso.com/pl/poradnik?kategoria=rekuperacja,tak,tak,
https://rotenso.com/pl/category/rvf-vrf/,https://rotenso.com/pl/poradnik?kategoria=systemy-vrf-rvf,tak,tak,
https://rotenso.com/pl/tag/a/,https://rotenso.com/pl/poradnik,tak,tak,tag
https://rotenso.com/pl/tag/automatyczne-oczyszczanie/,https://rotenso.com/pl/poradnik,tak,tak,tag
https://rotenso.com/pl/tag/czujnik-zmierzchu/,https://rotenso.com/pl/poradnik,tak,tak,tag
https://rotenso.com/pl/tag/filtr-z-aktywnym-weglem-iair/,https://rotenso.com/pl/poradnik,tak,tak,tag
https://rotenso.com/pl/tag/filtry/,https://rotenso.com/pl/poradnik,tak,tak,tag
https://rotenso.com/pl/tag/funkcja-snu/,https://rotenso.com/pl/poradnik,tak,tak,tag
https://rotenso.com/pl/tag/klasa-energetyczna/,https://rotenso.com/pl/poradnik,tak,tak,tag
https://rotenso.com/pl/tag/klimatyzacja-w-bloku/,https://rotenso.com/pl/poradnik,tak,tak,tag
https://rotenso.com/pl/tag/klimatyzacja-w-mieszkaniu/,https://rotenso.com/pl/poradnik,tak,tak,tag
https://rotenso.com/pl/tag/moc-klimatyzatora/,https://rotenso.com/pl/poradnik,tak,tak,tag
https://rotenso.com/pl/tag/multi-split/,https://rotenso.com/pl/poradnik,tak,tak,tag
https://rotenso.com/pl/tag/nawiew-powietrza-4d-emoto/,https://rotenso.com/pl/poradnik,tak,tak,tag
https://rotenso.com/pl/tag/normy-glosnosci/,https://rotenso.com/pl/poradnik,tak,tak,tag
https://rotenso.com/pl/tag/rvf/,https://rotenso.com/pl/poradnik,tak,tak,tag
https://rotenso.com/pl/tag/smart-follow/,https://rotenso.com/pl/poradnik,tak,tak,tag
https://rotenso.com/pl/tag/split/,https://rotenso.com/pl/poradnik,tak,tak,tag
https://rotenso.com/pl/tag/super-jonizator/,https://rotenso.com/pl/poradnik,tak,tak,tag
https://rotenso.com/pl/tag/tryb-ciszy/,https://rotenso.com/pl/poradnik,tak,tak,tag
https://rotenso.com/pl/tag/tryb-turbo-emoto/,https://rotenso.com/pl/poradnik,tak,tak,tag
https://rotenso.com/pl/tag/vrf/,https://rotenso.com/pl/poradnik,tak,tak,tag
https://rotenso.com/pl/pdfviewer/,https://rotenso.com/pl/katalogi,tak,nie,
https://rotenso.com/pl/pdfviewer/katalog-klimatyzacji-rotenso-2021/,https://rotenso.com/pl/katalogi,tak,nie,
https://rotenso.com/pl/,https://rotenso.com/pl,nie (ten sam adres),tak,strona główna — ten sam adres
https://rotenso.com/cs/,https://rotenso.com/cs,nie (ten sam adres),tak,strona główna — ten sam adres
https://rotenso.com/en/,https://rotenso.com/en,nie (ten sam adres),tak,strona główna — ten sam adres
https://rotenso.com/fr/,https://rotenso.com/fr,nie (ten sam adres),tak,strona główna — ten sam adres
https://rotenso.com/de/,https://rotenso.com/de,nie (ten sam adres),tak,strona główna — ten sam adres
https://rotenso.com/it/,https://rotenso.com/it,nie (ten sam adres),tak,strona główna — ten sam adres
https://rotenso.com/uk/,https://rotenso.com/uk,nie (ten sam adres),tak,strona główna — ten sam adres
https://rotenso.com/fr/home/,https://rotenso.com/fr,tak,tak,
https://rotenso.com/pl/sklep/,https://rotenso.com/pl,tak,tak,
https://rotenso.com/pl/regulamin-swiadczenia-uslug-droga-elektroniczna/,https://rotenso.com/pl/regulamin-swiadczenia-uslug-droga-elektroniczna,nie (ten sam adres),nie,zachować adres (strona do zbudowania)
https://rotenso.com/pl/technology/,https://rotenso.com/pl/technology,nie (ten sam adres),nie,zachować adres (strona do zbudowania)
https://rotenso.com/pl/flipbook-rotenso-2021/,https://rotenso.com/pl/katalogi,tak,nie,
https://rotenso.com/pl/dystrybucja/,https://rotenso.com/pl/dystrybucja,nie (ten sam adres),nie,
https://rotenso.com/pl/kontakt-1/,https://rotenso.com/pl/kontakt,tak,nie,
https://rotenso.com/pl/kontakt-2/,https://rotenso.com/pl/kontakt,tak,nie,
https://rotenso.com/pl/home-pl/,https://rotenso.com/pl,tak,tak,
https://rotenso.com/pl/sprzedaz-hurtowa-rotenso/,https://rotenso.com/pl/sprzedaz-hurtowa-rotenso,nie (ten sam adres),nie,zachować adres (strona do zbudowania)
https://rotenso.com/pl/poradnik/,https://rotenso.com/pl/poradnik,nie (ten sam adres),tak,
https://rotenso.com/fr/personal-data/,https://rotenso.com/fr/przetwarzanie-danych-osobowych,tak,nie,
https://rotenso.com/pl/partnerzy-handlowi/,https://rotenso.com/pl/znajdz-instalatora,tak,nie,
https://rotenso.com/pl/kalkulator-mocy-chlodniczej/,https://rotenso.com/pl/kalkulator-mocy-chlodniczej,nie (ten sam adres),nie,zachować adres (strona do zbudowania)
https://rotenso.com/pl/sprzedaz-hurtowa-lista/,https://rotenso.com/pl/sprzedaz-hurtowa-lista,nie (ten sam adres),nie,zachować adres (strona do zbudowania)
https://rotenso.com/en/personal-data/,https://rotenso.com/en/przetwarzanie-danych-osobowych,tak,nie,
https://rotenso.com/de/personenbezogene-daten/,https://rotenso.com/de/przetwarzanie-danych-osobowych,tak,nie,
https://rotenso.com/it/dati-personali/,https://rotenso.com/it/przetwarzanie-danych-osobowych,tak,nie,
https://rotenso.com/uk/%d0%bf%d0%b5%d1%80%d1%81%d0%be%d0%bd%d0%b0%d0%bb%d1%8c%d0%bd%d1%96-%d0%b4%d0%b0%d0%bd%d1%96/,https://rotenso.com/uk/przetwarzanie-danych-osobowych,tak,nie,
https://rotenso.com/cs/osobni-udaje/,https://rotenso.com/cs/przetwarzanie-danych-osobowych,tak,nie,
https://rotenso.com/en/contact-us/,https://rotenso.com/en/kontakt,tak,nie,
https://rotenso.com/de/kontaktieren-sie-uns/,https://rotenso.com/de/kontakt,tak,nie,
https://rotenso.com/fr/contactez-nous/,https://rotenso.com/fr/kontakt,tak,nie,
https://rotenso.com/it/contatto/,https://rotenso.com/it/kontakt,tak,nie,
https://rotenso.com/uk/%d0%b7%d0%b2%d1%8f%d0%b7%d0%b0%d1%82%d0%b8%d1%81%d1%8f-%d0%b7-%d0%bd%d0%b0%d0%bc%d0%b8/,https://rotenso.com/uk/kontakt,tak,nie,
https://rotenso.com/cs/kontaktujte-nas/,https://rotenso.com/cs/kontakt,tak,nie,
https://rotenso.com/en/heat-pumps/,https://rotenso.com/en/pompy-ciepla,tak,nie,
https://rotenso.com/de/waermepumpen/,https://rotenso.com/de/pompy-ciepla,tak,nie,
https://rotenso.com/fr/pompes-a-chaleur/,https://rotenso.com/fr/pompy-ciepla,tak,nie,
https://rotenso.com/it/pompe-di-calore/,https://rotenso.com/it/pompy-ciepla,tak,nie,
https://rotenso.com/cs/tepelna-cerpadla/,https://rotenso.com/cs/pompy-ciepla,tak,nie,
https://rotenso.com/uk/%d1%82%d0%b5%d0%bf%d0%bb%d0%be%d0%b2%d1%96-%d0%bd%d0%b0%d1%81%d0%be%d1%81%d0%b8/,https://rotenso.com/uk/pompy-ciepla,tak,nie,
https://rotenso.com/de/ueber-uns/,https://rotenso.com/de/o-nas,tak,tak,
https://rotenso.com/fr/a-propos-de-nous/,https://rotenso.com/fr/o-nas,tak,tak,
https://rotenso.com/cs/o-nas-2/,https://rotenso.com/cs/o-nas,tak,tak,
https://rotenso.com/it/su-di-noi/,https://rotenso.com/it/o-nas,tak,tak,
https://rotenso.com/uk/%d0%bf%d1%80%d0%be-%d0%bd%d0%b0%d1%81/,https://rotenso.com/uk/o-nas,tak,tak,
https://rotenso.com/en/about-us/,https://rotenso.com/en/o-nas,tak,tak,
https://rotenso.com/pl/akcesoria-do-pomp/,https://rotenso.com/pl/akcesoria-do-pomp,nie (ten sam adres),nie,zachować adres (strona do zbudowania)
https://rotenso.com/pl/regulamin/,https://rotenso.com/pl/regulamin,nie (ten sam adres),nie,zachować adres (strona do zbudowania)
https://rotenso.com/fr/download/,https://rotenso.com/fr/do-pobrania,tak,nie,
https://rotenso.com/it/catalogo-en-pompe-di-calore-da-rotenso/,https://rotenso.com/it/katalogi,tak,nie,
https://rotenso.com/cs/katalog-tepelna-cerpadla-by-rotenso/,https://rotenso.com/cs/katalogi,tak,nie,
https://rotenso.com/uk/katalog-en-%d0%ba%d0%b0%d1%82%d0%b0%d0%bb%d0%be%d0%b3-%d1%81%d0%b8%d1%81%d1%82%d0%b5%d0%bc%d0%b8-%d0%b2%d0%b5%d0%bd%d1%82%d0%b8%d0%bb%d1%8f%d1%86%d1%96%d1%97-%d0%b2%d1%96%d0%b4-rotenso/,https://rotenso.com/uk/katalogi,tak,nie,
https://rotenso.com/uk/katalog-%d0%ba%d0%b0%d1%82%d0%b0%d0%bb%d0%be%d0%b3-%d1%82%d0%b5%d0%bf%d0%bb%d0%be%d0%b2%d1%96-%d0%bd%d0%b0%d1%81%d0%be%d1%81%d0%b8-%d0%b2%d1%96%d0%b4-rotenso/,https://rotenso.com/uk/katalogi,tak,nie,
https://rotenso.com/fr/catalogue-pompes-a-chaleur-by-rotenso/,https://rotenso.com/fr/katalogi,tak,nie,
https://rotenso.com/de/katalog-en-ventilation-systems-by-rotenso/,https://rotenso.com/de/katalogi,tak,nie,
https://rotenso.com/de/katalog-en-klimaanlage-system-by-rotenso/,https://rotenso.com/de/katalogi,tak,nie,
https://rotenso.com/pl/pl-katalog-systemy-klimatyzacji-rotenso-multi/,https://rotenso.com/pl/katalogi,tak,nie,
https://rotenso.com/pl/pl-konfigurator-wentilo-instrukcja-obslugi/,https://rotenso.com/pl/katalogi,tak,nie,
https://rotenso.com/de/katalog-waermepumpen-by-rotenso/,https://rotenso.com/de/katalogi,tak,nie,
https://rotenso.com/de/katalog-de-klimaanlage-system-by-rotenso/,https://rotenso.com/de/katalogi,tak,nie,
https://rotenso.com/en/catalogue-air-conditioning-system-by-rotenso/,https://rotenso.com/en/katalogi,tak,nie,
https://rotenso.com/de/broschure-en-luftungssysteme-by-rotenso/,https://rotenso.com/de/katalogi,tak,nie,
https://rotenso.com/en/brochure-heat-pumps-by-rotenso/,https://rotenso.com/en/katalogi,tak,nie,
https://rotenso.com/de/broschure-de-warmepumpen-by-rotenso/,https://rotenso.com/de/katalogi,tak,nie,
https://rotenso.com/cs/katalog-en-ventilation-systems-by-rotenso/,https://rotenso.com/cs/katalogi,tak,nie,
https://rotenso.com/cs/brozur-en-ventilation-systems-by-rotenso/,https://rotenso.com/cs/katalogi,tak,nie,
https://rotenso.com/cs/brozur-en-tepelna-cerpadla-by-rotenso/,https://rotenso.com/cs/katalogi,tak,nie,
https://rotenso.com/de/katalog-en-ventilation-systems-by-rotenso-2/,https://rotenso.com/de/katalogi,tak,nie,
https://rotenso.com/fr/brochure-pompes-a-chaleur-by-rotenso/,https://rotenso.com/fr/katalogi,tak,nie,
https://rotenso.com/fr/catalogue-en-systeme-de-climatisation-by-rotenso/,https://rotenso.com/fr/katalogi,tak,nie,
https://rotenso.com/fr/catalogue-en-ventilation-systems-by-rotenso/,https://rotenso.com/fr/katalogi,tak,nie,
https://rotenso.com/fr/brochure-en-ventilation-systems-by-rotenso/,https://rotenso.com/fr/katalogi,tak,nie,
https://rotenso.com/cs/katalog-en-klimatizace-system-by-rotenso/,https://rotenso.com/cs/katalogi,tak,nie,
https://rotenso.com/it/catalogo-en-aria-condizionata-sistema-da-rotenso/,https://rotenso.com/it/katalogi,tak,nie,
https://rotenso.com/it/brochure-en-ventilation-systems-da-rotenso/,https://rotenso.com/it/katalogi,tak,nie,
https://rotenso.com/it/catalogo-en-ventilation-systems-da-rotenso/,https://rotenso.com/it/katalogi,tak,nie,
https://rotenso.com/it/brochure-en-pompe-di-calore-da-rotenso/,https://rotenso.com/it/katalogi,tak,nie,
https://rotenso.com/uk/katalog-en-%d0%ba%d0%b0%d1%82%d0%b0%d0%bb%d0%be%d0%b3-%d0%ba%d0%be%d0%bd%d0%b4%d0%b8%d1%86%d1%96%d0%be%d0%bd%d0%b5%d1%80-%d1%81%d0%b8%d1%81%d1%82%d0%b5%d0%bc%d0%b0-%d0%b2%d1%96%d0%b4-rotenso/,https://rotenso.com/uk/katalogi,tak,nie,
https://rotenso.com/uk/buklet-en-%d0%ba%d0%b0%d1%82%d0%b0%d0%bb%d0%be%d0%b3-%d1%81%d0%b8%d1%81%d1%82%d0%b5%d0%bc%d0%b8-%d0%b2%d0%b5%d0%bd%d1%82%d0%b8%d0%bb%d1%8f%d1%86%d1%96%d1%97-%d0%b2%d1%96%d0%b4-rotenso/,https://rotenso.com/uk/katalogi,tak,nie,
https://rotenso.com/uk/buklet-%d0%ba%d0%b0%d1%82%d0%b0%d0%bb%d0%be%d0%b3-%d1%82%d0%b5%d0%bf%d0%bb%d0%be%d0%b2%d1%96-%d0%bd%d0%b0%d1%81%d0%be%d1%81%d0%b8-%d0%b2%d1%96%d0%b4-rotenso/,https://rotenso.com/uk/katalogi,tak,nie,
https://rotenso.com/pl/pl-katalog-systemy-klimatyzacji-rotenso-rvf/,https://rotenso.com/pl/katalogi,tak,nie,
https://rotenso.com/en/catalogue-rvf-air-conditioning-systems-by-rotenso/,https://rotenso.com/en/katalogi,tak,nie,
https://rotenso.com/de/katalog-en-rvf-klimaanlage-systeme-by-rotenso/,https://rotenso.com/de/katalogi,tak,nie,
https://rotenso.com/fr/catalogue-en-rvf-climatiseurs-systemes-by-rotenso/,https://rotenso.com/fr/katalogi,tak,nie,
https://rotenso.com/cs/katalog-en-klimatizace-rvf-by-rotenso/,https://rotenso.com/cs/katalogi,tak,nie,
https://rotenso.com/it/catalogo-en-condizionamento-daria-rvf-sistemi-da-rotenso/,https://rotenso.com/it/katalogi,tak,nie,
https://rotenso.com/uk/katalog-en-%d0%ba%d0%b0%d1%82%d0%b0%d0%bb%d0%be%d0%b3-%d0%ba%d0%be%d0%bd%d0%b4%d0%b8%d1%86%d1%96%d0%be%d0%bd%d0%b5%d1%80-rvf-%d1%81%d0%b8%d1%81%d1%82%d0%b5%d0%bc%d0%b8-%d0%b2%d1%96%d0%b4-rotenso/,https://rotenso.com/uk/katalogi,tak,nie,
https://rotenso.com/en/catalogue-heat-pumps-by-rotenso/,https://rotenso.com/en/katalogi,tak,nie,
https://rotenso.com/pl/pl-katalog-systemy-wentylacji-rotenso/,https://rotenso.com/pl/katalogi,tak,nie,
https://rotenso.com/pl/pl-ulotka-systemy-wentylacji/,https://rotenso.com/pl/katalogi,tak,nie,
https://rotenso.com/pl/pl-folder-mini-rvf-v-stage-rotenso/,https://rotenso.com/pl/katalogi,tak,nie,
https://rotenso.com/pl/dobierz-pompe-ciepla/,https://rotenso.com/pl/dobierz-pompe-ciepla,nie (ten sam adres),nie,zachować adres (strona do zbudowania)
https://rotenso.com/en/distribution/,https://rotenso.com/en/dystrybucja,tak,nie,
https://rotenso.com/cs/distribuce/,https://rotenso.com/cs/dystrybucja,tak,nie,
https://rotenso.com/it/distribuzione/,https://rotenso.com/it/dystrybucja,tak,nie,
https://rotenso.com/de/vertrieb/,https://rotenso.com/de/dystrybucja,tak,nie,
https://rotenso.com/fr/distribution-2/,https://rotenso.com/fr/dystrybucja,tak,nie,
https://rotenso.com/uk/%d1%80%d0%be%d0%b7%d0%b4%d0%b0%d1%87%d0%b0/,https://rotenso.com/uk/%d1%80%d0%be%d0%b7%d0%b4%d0%b0%d1%87%d0%b0,nie (ten sam adres),nie,zachować adres (strona do zbudowania)
https://rotenso.com/fr/air-conditioners/,https://rotenso.com/fr/klimatyzacja,tak,nie,
https://rotenso.com/cs/klimatizace/,https://rotenso.com/cs/klimatyzacja,tak,nie,
https://rotenso.com/it/condizionatori-daria/,https://rotenso.com/it/klimatyzacja,tak,nie,
https://rotenso.com/uk/%d0%ba%d0%be%d0%bd%d0%b4%d0%b8%d1%86%d1%96%d0%be%d0%bd%d0%b5%d1%80%d0%b8/,https://rotenso.com/uk/klimatyzacja,tak,nie,
https://rotenso.com/pl/sprzedaz-hurtowa/,https://rotenso.com/pl/sprzedaz-hurtowa,nie (ten sam adres),nie,zachować adres (strona do zbudowania)
https://rotenso.com/pl/sprzedaz-hurtowa-rotenso-dystrybutorzy/,https://rotenso.com/pl/sprzedaz-hurtowa-rotenso-dystrybutorzy,nie (ten sam adres),nie,zachować adres (strona do zbudowania)
https://rotenso.com/de/home-2/,https://rotenso.com/de,tak,tak,
https://rotenso.com/pl/przetwarzanie-danych-osobowych/,https://rotenso.com/pl/przetwarzanie-danych-osobowych,nie (ten sam adres),nie,
https://rotenso.com/pl/akcesoria/,https://rotenso.com/pl/akcesoria,nie (ten sam adres),nie,zachować adres (strona do zbudowania)
https://rotenso.com/en/vrf-systems/,https://rotenso.com/en/systemy-rvf,tak,tak,
https://rotenso.com/de/vrf-systeme/,https://rotenso.com/de/systemy-rvf,tak,tak,
https://rotenso.com/de/vrf-systeme-3/,https://rotenso.com/de/systemy-rvf,tak,tak,
https://rotenso.com/fr/systemes-vrf-2/,https://rotenso.com/fr/systemy-rvf,tak,tak,
https://rotenso.com/fr/vrf-systems/,https://rotenso.com/fr/systemy-rvf,tak,tak,
https://rotenso.com/cs/vrf-systemy/,https://rotenso.com/cs/systemy-rvf,tak,tak,
https://rotenso.com/cs/vrf-systemy-3/,https://rotenso.com/cs/systemy-rvf,tak,tak,
https://rotenso.com/it/sistemi-vrf/,https://rotenso.com/it/systemy-rvf,tak,tak,
https://rotenso.com/it/sistemi-vrf-3/,https://rotenso.com/it/systemy-rvf,tak,tak,
https://rotenso.com/uk/vrf-%d1%81%d0%b8%d1%81%d1%82%d0%b5%d0%bc%d0%b8/,https://rotenso.com/uk/systemy-rvf,tak,tak,
https://rotenso.com/uk/vrf-%d1%81%d0%b8%d1%81%d1%82%d0%b5%d0%bc%d0%b8-3/,https://rotenso.com/uk/systemy-rvf,tak,tak,
https://rotenso.com/pl/pl-katalog-pompy-ciepla-rotenso/,https://rotenso.com/pl/katalogi,tak,nie,
https://rotenso.com/pl/pl-cennik-autoryzowanego-serwisu-pomp-ciepla-rotenso/,https://rotenso.com/pl/katalogi,tak,nie,
https://rotenso.com/pl/pl-cennik-systemy-wentylacji-rotenso/,https://rotenso.com/pl/katalogi,tak,nie,
https://rotenso.com/pl/pl-cennik-systemy-klimatyzacji-rotenso/,https://rotenso.com/pl/katalogi,tak,nie,
https://rotenso.com/pl/pl-cennik-systemy-pomp-ciepla-rotenso/,https://rotenso.com/pl/katalogi,tak,nie,
https://rotenso.com/pl/pl-katalog-inwestycyjne-systemy-klimatyzacyjne-rvf-i-multi/,https://rotenso.com/pl/katalogi,tak,nie,
https://rotenso.com/pl/o-nas/,https://rotenso.com/pl/o-nas,nie (ten sam adres),tak,
https://rotenso.com/pl/pl-ulotka-systemy-klimatyzacji/,https://rotenso.com/pl/katalogi,tak,nie,
https://rotenso.com/pl/pl-ulotka-pompy-ciepla/,https://rotenso.com/pl/katalogi,tak,nie,
https://rotenso.com/pl/systemy-klimatyzacji-rvf-vrf-rotenso/,https://rotenso.com/pl/systemy-rvf,tak,tak,
https://rotenso.com/en/brochure-air-conditioning-systems-by-rotenso/,https://rotenso.com/en/katalogi,tak,nie,
https://rotenso.com/en/brochure-ventilation-systems-by-rotenso/,https://rotenso.com/en/katalogi,tak,nie,
https://rotenso.com/en/catalogue-ventilation-systems-by-rotenso/,https://rotenso.com/en/katalogi,tak,nie,
https://rotenso.com/en/download/,https://rotenso.com/en/do-pobrania,tak,nie,
https://rotenso.com/de/beluftungsysteme/,https://rotenso.com/de/rekuperacja,tak,nie,
https://rotenso.com/cs/ventilacni-systemy/,https://rotenso.com/cs/rekuperacja,tak,nie,
https://rotenso.com/fr/systemes-de-ventilation/,https://rotenso.com/fr/rekuperacja,tak,nie,
https://rotenso.com/it/sistema-di-ventilazione/,https://rotenso.com/it/rekuperacja,tak,nie,
https://rotenso.com/uk/%d1%82%d0%b5%d0%bf%d0%bb%d0%be%d0%b2%d1%96-%d0%bd%d0%b0%d1%81%d0%be%d1%81%d0%b8-2/,https://rotenso.com/uk/rekuperacja,tak,nie,
https://rotenso.com/en/ventilation-systems/,https://rotenso.com/en/rekuperacja,tak,nie,
https://rotenso.com/uk/%d0%b7%d0%b0%d0%b2%d0%b0%d0%bd%d1%82%d0%b0%d0%b6%d0%b8%d1%82%d0%b8/,https://rotenso.com/uk/do-pobrania,tak,nie,
https://rotenso.com/it/scarica/,https://rotenso.com/it/do-pobrania,tak,nie,
https://rotenso.com/cs/stahnout/,https://rotenso.com/cs/do-pobrania,tak,nie,
https://rotenso.com/fr/rotenso-catalogues/,https://rotenso.com/fr/katalogi,tak,nie,
https://rotenso.com/fr/brochure-en-systeme-de-climatisation-by-rotenso/,https://rotenso.com/fr/katalogi,tak,nie,
https://rotenso.com/cs/brozur-en-klimatizace-system-by-rotenso/,https://rotenso.com/cs/katalogi,tak,nie,
https://rotenso.com/it/brochure-en-aria-condizionata-sistema-da-rotenso/,https://rotenso.com/it/katalogi,tak,nie,
https://rotenso.com/uk/buklet-en-%d0%ba%d0%b0%d1%82%d0%b0%d0%bb%d0%be%d0%b3-%d0%ba%d0%be%d0%bd%d0%b4%d0%b8%d1%86%d1%96%d0%be%d0%bd%d0%b5%d1%80-%d1%81%d0%b8%d1%81%d1%82%d0%b5%d0%bc%d0%b0-%d0%b2%d1%96%d0%b4-rotenso/,https://rotenso.com/uk/katalogi,tak,nie,
https://rotenso.com/de/broschure-de-klimaanlage-system-by-rotenso/,https://rotenso.com/de/katalogi,tak,nie,
https://rotenso.com/de/herunterladen/,https://rotenso.com/de/do-pobrania,tak,nie,
https://rotenso.com/pl/pl-katalog-systemy-klimatyzacji-rotenso/,https://rotenso.com/pl/katalogi,tak,nie,
https://rotenso.com/pl/kontakt/,https://rotenso.com/pl/kontakt,nie (ten sam adres),nie,
https://rotenso.com/pl/asystent-doboru-klimatyzacji-jednopokojowej-split/,https://rotenso.com/pl/asystent-doboru-klimatyzacji-jednopokojowej-split,nie (ten sam adres),nie,zachować adres (strona do zbudowania)
https://rotenso.com/pl/asystent-doboru-klimatyzacji-wielopokojowej-multisplit/,https://rotenso.com/pl/asystent-doboru-klimatyzacji-wielopokojowej-multisplit,nie (ten sam adres),nie,zachować adres (strona do zbudowania)
https://rotenso.com/pl/pl-akcesoria-rotenso-instrukcje-obslugi/,https://rotenso.com/pl/pl-akcesoria-rotenso-instrukcje-obslugi,nie (ten sam adres),nie,zachować adres (strona do zbudowania)
https://rotenso.com/pl/do-pobrania/,https://rotenso.com/pl/do-pobrania,nie (ten sam adres),nie,
https://rotenso.com/en/air-conditioners/,https://rotenso.com/en/klimatyzacja,tak,nie,
https://rotenso.com/de/klimaanlagen/,https://rotenso.com/de/klimatyzacja,tak,nie,
https://rotenso.com/pl/instrukcja-wymiany-filtrow/,https://rotenso.com/pl/instrukcja-wymiany-filtrow,nie (ten sam adres),nie,zachować adres (strona do zbudowania)
https://rotenso.com/pl/asystent-doboru-pompy-ciepla-test/,https://rotenso.com/pl/asystent-doboru-pompy-ciepla-test,nie (ten sam adres),nie,zachować adres (strona do zbudowania)
