Stary link,Nowy link,Status przekierowania,Data wprowadzenia przekierowania,H1,Title SEO,Meta description,Opis e-commerce
Klimatyzacja ścienna split,,,,,,,
https://rotenso.com/pl/produkt/mirai,https://rotenso.com/pl/produkt/klimatyzator-scienny-rotenso-mirai,Gotowe,24.06.2026,Klimatyzator ścienny Rotenso Mirai,Rotenso Mirai - klimatyzator pokojowy ścienny,,
https://rotenso.com/pl/produkt/klimatyzacja-rotenso-luve-pro/,https://rotenso.com/pl/produkt/klimatyzator-scienny-rotenso-luve-pro,Gotowe,09.09.2026,,,,
https://rotenso.com/pl/produkt/klimatyzacja-rotenso-luve-pro-black/,https://rotenso.com/pl/produkt/klimatyzator-scienny-rotenso-luve-pro-black,Gotowe,09.09.2026,,,,
https://rotenso.com/pl/produkt/klimatyzacja-rotenso-luve/,https://rotenso.com/pl/produkt/klimatyzator-scienny-rotenso-luve,Gotowe,09.09.2026,,,,
https://rotenso.com/pl/produkt/klimatyzacja-rotenso-luve-black/,https://rotenso.com/pl/produkt/klimatyzator-scienny-rotenso-luve-black,Gotowe,09.09.2026,,,,
https://rotenso.com/pl/produkt/klimatyzacja-scienna-rotenso-fresh,https://rotenso.com/pl/produkt/klimatyzator-scienny-rotenso-fresh,Gotowe,09.09.2026,,,,
https://rotenso.com/pl/produkt/versu-mirror-r15/,https://rotenso.com/pl/produkt/klimatyzator-scienny-rotenso-versu-mirror,Gotowe,20.07.2026,,,,
https://rotenso.com/pl/produkt/versu-pure/,https://rotenso.com/pl/produkt/klimatyzator-scienny-rotenso-versu-pure,Gotowe,12.08.2026,,,,
https://rotenso.com/pl/produkt/versu-cloth-stone/,https://rotenso.com/pl/produkt/klimatyzator-scienny-rotenso-versu-cloth-stone,Do zmiany,przy nowej rewizji,,,,
https://rotenso.com/pl/produkt/versu-cloth-caramel/,https://rotenso.com/pl/produkt/klimatyzator-scienny-rotenso-versu-cloth-caramel,Gotowe,07.07.2026,,,,
https://rotenso.com/pl/produkt/revio/,https://rotenso.com/pl/produkt/klimatyzator-scienny-rotenso-revio,Gotowe,24.06.2026,,,,
https://rotenso.com/pl/produkt/klimatyzacja-scienna-rotenso-teta,https://rotenso.com/pl/produkt/klimatyzator-scienny-rotenso-teta,Gotowe,02.06.2026,,,,
https://rotenso.com/pl/produkt/teta-mirror/,https://rotenso.com/pl/produkt/klimatyzator-scienny-rotenso-teta-mirror,Gotowe,01.07.2026,,,,
https://rotenso.com/pl/produkt/elis/,https://rotenso.com/pl/produkt/klimatyzator-scienny-rotenso-elis,Gotowe,16.06.2026,,,,
https://rotenso.com/pl/produkt/elis-silver/,https://rotenso.com/pl/produkt/klimatyzator-scienny-rotenso-elis-silver,Gotowe,16.06.2026,,,,
https://rotenso.com/pl/produkt/roni/,https://rotenso.com/pl/produkt/klimatyzator-scienny-rotenso-roni,Gotowe,11.06.2026,,,,
https://rotenso.com/pl/produkt/imoto/,https://rotenso.com/pl/produkt/klimatyzator-scienny-rotenso-imoto,Gotowe,07.07.2026,,,,
https://rotenso.com/pl/produkt/ukura/,https://rotenso.com/pl/produkt/klimatyzator-scienny-rotenso-ukura,Gotowe,28.05.2026,,,,
https://rotenso.com/pl/produkt/ukura-h/,https://rotenso.com/pl/produkt/klimatyzator-scienny-rotenso-ukura,Gotowe,28.05.2026,,,,
Klimatyzacja ścienna multi split,,,,,,,
https://rotenso.com/pl/produkt/mirai-x-multi/,https://rotenso.com/pl/produkt/klimatyzator-scienny-rotenso-mirai-multi,Gotowe,16.06.2026,,,,
https://rotenso.com/pl/produkt/fresh-multi/,https://rotenso.com/pl/produkt/klimatyzator-scienny-rotenso-fresh-multi,Gotowe,16.06.2026,Klimatyzator ścienny Rotenso Fresh Multi,Rotenso Fresh - klimatyzator pokojowy multi split,,
https://rotenso.com/pl/produkt/luve-multi/,https://rotenso.com/pl/produkt/klimatyzator-scienny-rotenso-luve-multi,Gotowe,16.06.2026,,,,
https://rotenso.com/pl/produkt/luve-black-multi/,https://rotenso.com/pl/produkt/klimatyzator-scienny-rotenso-luve-black-multi,Gotowe,16.06.2026,,,,
https://rotenso.com/pl/produkt/versu-mirror-multi-r15/,https://rotenso.com/pl/produkt/klimatyzator-scienny-rotenso-versu-mirror-multi,Gotowe,20.07.2026,,,,
https://rotenso.com/pl/produkt/versu-pure-multi/,https://rotenso.com/pl/produkt/klimatyzator-scienny-rotenso-versu-pure-multi,Gotowe,12.08.2026,,,,
https://rotenso.com/pl/produkt/versu-cloth-stone-multi/,https://rotenso.com/pl/produkt/klimatyzator-scienny-rotenso-versu-cloth-stone-multi,Do zmiany,przy nowej rewizji,,,,
https://rotenso.com/pl/produkt/versu-cloth-caramel-multi/,https://rotenso.com/pl/produkt/klimatyzator-scienny-rotenso-versu-cloth-caramel-multi,Gotowe,08.07.2026,,,,
https://rotenso.com/pl/produkt/revio-multi/,https://rotenso.com/pl/produkt/klimatyzator-scienny-rotenso-revio-multi,Gotowe,24.06.2026,,,,
https://rotenso.com/pl/produkt/klimatyzacja-scienna-rotenso-teta-multi,https://rotenso.com/pl/produkt/klimatyzator-scienny-rotenso-teta-multi,Gotowe,02.06.2026,,,,
https://rotenso.com/pl/produkt/teta-mirror-x-multi/,https://rotenso.com/pl/produkt/klimatyzator-scienny-rotenso-teta-mirror-multi,Gotowe,01.07.2026,,,,
https://rotenso.com/pl/produkt/elis-x-multi/,https://rotenso.com/pl/produkt/klimatyzator-scienny-rotenso-elis-multi,Gotowe,24.06.2026,,,,
https://rotenso.com/pl/produkt/elis-silver-x-multi/,https://rotenso.com/pl/produkt/klimatyzator-scienny-rotenso-elis-silver-multi,Gotowe,24.06.2026,,,,
https://rotenso.com/pl/produkt/imoto-multi/,https://rotenso.com/pl/produkt/klimatyzator-scienny-rotenso-imoto-multi,Gotowe,06.07.2026,,,,
https://rotenso.com/pl/produkt/ukura-x-multi/,https://rotenso.com/pl/produkt/klimatyzator-scienny-rotenso-ukura-multi,Gotowe,10.06.2026,,,,
https://rotenso.com/pl/produkt/roni-multi/,https://rotenso.com/pl/produkt/klimatyzator-scienny-rotenso-roni-multi,Gotowe,16.06.2026,,,,
Klimatyzacja komercyjna split,,,,,,,
https://rotenso.com/pl/produkt/aneru-hp/,https://rotenso.com/pl/produkt/klimatyzator-konsolowy-rotenso-aneru-hp,Gotowe,22.05.2026,,,,
https://rotenso.com/pl/produkt/aneru-an/,https://rotenso.com/pl/produkt/klimatyzator-konsolowy-rotenso-aneru-an,Gotowe,22.05.2026,,,,
https://rotenso.com/pl/produkt/aneru/,https://rotenso.com/pl/produkt/klimatyzator-konsolowy-rotenso-aneru,Gotowe,22.05.2026,,,,
https://rotenso.com/pl/produkt/tenji-cc/,https://rotenso.com/pl/produkt/klimatyzator-kasetonowy-rotenso-tenji-cc,Gotowe,22.05.2026,,,,
https://rotenso.com/pl/produkt/tenji-cs/,https://rotenso.com/pl/produkt/klimatyzator-kasetonowy-rotenso-tenji-cs,Gotowe,22.05.2026,,,,
https://rotenso.com/pl/produkt/jato/,https://rotenso.com/pl/produkt/klimatyzator-przypodlogowo-podsufitowy-rotenso-jato,Gotowe,22.05.2026,,,,
https://rotenso.com/pl/produkt/nevo/,https://rotenso.com/pl/produkt/klimatyzator-kanalowy-rotenso-nevo,Gotowe,22.05.2026,,,,
Klimatyzacja komercyjna multi split,,,,,,,
https://rotenso.com/pl/produkt/aneru-multi/,https://rotenso.com/pl/produkt/klimatyzator-konsolowy-rotenso-aneru-multi,Gotowe,28.05.2026,,,,
https://rotenso.com/pl/produkt/aneru-an-x-multi/,https://rotenso.com/pl/produkt/klimatyzator-konsolowy-rotenso-aneru-an-multi,Gotowe,28.05.2026,,,,
https://rotenso.com/pl/produkt/tenji-cc-multi/,https://rotenso.com/pl/produkt/klimatyzator-kasetonowy-rotenso-tenji-cc-multi,Gotowe,28.05.2026,,,,
https://rotenso.com/pl/produkt/tenji-cs-multi/,https://rotenso.com/pl/produkt/klimatyzator-kasetonowy-rotenso-tenji-cs-multi,Gotowe,28.05.2026,,,,
https://rotenso.com/pl/produkt/nevo-x-multi/,https://rotenso.com/pl/produkt/klimatyzator-kanalowy-rotenso-nevo-multi,Gotowe,28.05.2026,,,,
https://rotenso.com/pl/produkt/jato-multi/,https://rotenso.com/pl/produkt/klimatyzator-przypodlogowo-podsufitowy-rotenso-jato-multi,Gotowe,28.05.2026,,,,
Agregaty,,,,,,,
https://rotenso.com/pl/produkt/klimatyzacja-rotenso-hiro-hp/,https://rotenso.com/pl/produkt/klimatyzator-rotenso-hiro-hp/,Gotowe,29.07.2026,,,,
https://rotenso.com/pl/produkt/hiro-s/,https://rotenso.com/pl/produkt/klimatyzator-rotenso-hiro-s,Gotowe,29.07.2026,,,,
https://rotenso.com/pl/produkt/klimatyzacja-rotenso-hiro-n/,https://rotenso.com/pl/produkt/klimatyzator-rotenso-hiro-n,Gotowe,29.07.2026,,,,
https://rotenso.com/pl/produkt/unico/,https://rotenso.com/pl/produkt/klimatyzator-rotenso-unico,Gotowe,29.07.2026,,,,
https://rotenso.com/pl/produkt/agregaty-skraplajace-rotenso-rvf-ahu/,,Bez zmian,,,,,
RVF - zewnętrzne,,,,,,,
https://rotenso.com/pl/produkt/rvf-v5/,,Bez zmian,,,,,
https://rotenso.com/pl/produkt/hr-rvf/,,Bez zmian,,,,,
https://rotenso.com/pl/produkt/mini-rvf-v4/,,Bez zmian,,,,,
https://rotenso.com/pl/produkt/minirvf_v5/,,Bez zmian,,,,,
https://rotenso.com/pl/produkt/rvf-v-stage/,,Bez zmian,,,,,
RVF - wewnętrzne,,,,,,,
https://rotenso.com/pl/produkt/rvf-enos/,,Bez zmian,,,,,
https://rotenso.com/pl/produkt/rvf-jato-fc/,,Bez zmian,,,,,
https://rotenso.com/pl/produkt/rvf-tenji-cc/,,Bez zmian,,,,,
https://rotenso.com/pl/produkt/rvf-tenji-cs/,,Bez zmian,,,,,
https://rotenso.com/pl/produkt/rvf-nevo-dl/,,Bez zmian,,,,,
https://rotenso.com/pl/produkt/rvf-nevo-dm/,,Bez zmian,,,,,
https://rotenso.com/pl/produkt/rvf-nevo-dh/,,Bez zmian,,,,,
Pompy ciepła,,,,,,,
https://rotenso.com/pl/produkt/airmi-split/,https://rotenso.com/pl/produkt/pompa-ciepla-rotenso-airmi-split/,Gotowe,21.05.2026,,,,
https://rotenso.com/pl/produkt/aquami-split/,https://rotenso.com/pl/produkt/pompa-ciepla-rotenso-aquami-split/,Gotowe,21.05.2026,,,,
https://rotenso.com/pl/produkt/aquami-multi/,https://rotenso.com/pl/produkt/pompa-ciepla-rotenso-aquami-multi/,Gotowe,21.05.2026,,,,
https://rotenso.com/pl/produkt/heatmi-split/,https://rotenso.com/pl/produkt/pompa-ciepla-rotenso-heatmi-split/,Gotowe,21.05.2026,,,,
https://rotenso.com/pl/produkt/airmi-monoblock/,https://rotenso.com/pl/produkt/pompa-ciepla-rotenso-airmi-monoblock/,Gotowe,21.05.2026,,,,
https://rotenso.com/pl/produkt/aquami-monoblock/,https://rotenso.com/pl/produkt/pompa-ciepla-rotenso-aquami-monoblock/,Gotowe,21.05.2026,,,,
https://rotenso.com/pl/produkt/windmi-monoblock/,https://rotenso.com/pl/produkt/pompa-ciepla-rotenso-windmi-monoblock/,Gotowe,21.05.2026,,,,
https://rotenso.com/pl/produkt/aquami-all-in-split/,https://rotenso.com/pl/produkt/pompa-ciepla-rotenso-aquami-all-in-split/,Gotowe,21.05.2026,,,,
Zbiorniki,,,,,,,
https://rotenso.com/pl/produkt/thermos-ceramic/,https://rotenso.com/pl/produkt/zbiornik-cwu-rotenso-thermos-ceramic/,Gotowe,24.06.2026,,,,
https://rotenso.com/pl/produkt/thermos-ceramic-grey/,https://rotenso.com/pl/produkt/zbiornik-cwu-rotenso-thermos-ceramic-grey/,Gotowe,24.06.2026,,,,
https://rotenso.com/pl/produkt/thermos-inox/,https://rotenso.com/pl/produkt/zbiornik-cwu-rotenso-thermos-inox/,Gotowe,24.06.2026,,,,
https://rotenso.com/pl/produkt/thermos-dual-inox/,https://rotenso.com/pl/produkt/zbiornik-cwu-rotenso-thermos-dual-inox/,Gotowe,24.06.2026,,,,
https://rotenso.com/pl/produkt/thermos-twin-inox/,https://rotenso.com/pl/produkt/zbiornik-cwu-rotenso-thermos-twin-inox/,Gotowe,24.06.2026,,,,
https://rotenso.com/pl/produkt/thermos-store/,https://rotenso.com/pl/produkt/zbiornik-buforowy-rotenso-thermos-store,Gotowe,24.06.2026,,,,
https://rotenso.com/pl/produkt/thermos-store-plus/,https://rotenso.com/pl/produkt/zbiornik-buforowy-rotenso-thermos-store-plus,Gotowe,24.06.2026,,,,
https://rotenso.com/pl/produkt/thermos-store-grey/,https://rotenso.com/pl/produkt/zbiornik-buforowy-rotenso-thermos-store-grey,Gotowe,24.06.2026,,,,
Akcesoria,,,,,,,